split,controller_group,n,episode_reward_mean,episode_reward_std,SOC_tail_risk_mean,SOC_tail_risk_std,SOC_tail_violation_steps_mean,SOC_tail_violation_steps_std,SOC_RMSE_mean,SOC_RMSE_std,SOC_MAE_to_ref_mean,SOC_MAE_to_ref_std,mean_signed_SOC_error_mean,mean_signed_SOC_error_std,time_in_SOC_band_0p03_pct_mean,time_in_SOC_band_0p03_pct_std,time_in_SOC_band_0p06_pct_mean,time_in_SOC_band_0p06_pct_std,abs_final_SOC_error_mean,abs_final_SOC_error_std,constraint_violation_steps_mean,constraint_violation_steps_std,battery_limit_proximity_risk_mean,battery_limit_proximity_risk_std,SOC_corrected_fuel_kg_mean,SOC_corrected_fuel_kg_std,engine_switch_count_mean,engine_switch_count_std,confidence_mean_mean,confidence_mean_std,confidence_min_mean,confidence_min_std,confidence_p5_mean,confidence_p5_std,action_attenuation_ratio_mean_mean,action_attenuation_ratio_mean_std,fallback_activation_ratio_mean,fallback_activation_ratio_std,direction_suppression_ratio_mean,direction_suppression_ratio_std,mean_abs_delta_P_eng_on_kw_mean,mean_abs_delta_P_eng_on_kw_std,mean_abs_delta_SOC_ref_mean,mean_abs_delta_SOC_ref_std
ems_variant,confidence_gate_current,90,-0.4082182888109506,0.47029656706240897,0.16384674378416586,0.16943350815894812,63.611111111111114,56.84925377101258,0.04852901201109641,0.017419235529369616,0.04440177745497681,0.01737580142228327,-0.04214637338597581,0.019160957811341053,33.120370370370374,26.698927566405345,73.49537037037037,23.68718907125524,0.04606368514761762,0.021561392820106676,0.03333333333333333,0.17950549357115012,0.00048286777335890485,0.001834023425781756,0.09200076746689861,0.04142431774487609,9.38888888888889,4.345353698541937,0.7590865802691135,0.15709716440705274,0.035679136124197104,0.0982082453654455,0.33940005356038494,0.2758746929822954,0.8669272057653348,0.06868674381409426,0.0,0.0,0.10916666666666668,0.15791880434397956,0.6902942576324763,0.170026278923672,0.0023805391971942016,0.0008282931739673604
ems_variant,map_rule_zero_offset,18,-0.4809068269074647,0.5067886994963378,0.1859823628175204,0.18673606889645555,73.33333333333333,62.054635425387666,0.05060688679474226,0.0185768251057766,0.04654870866276122,0.018397006788974993,-0.04421859457365386,0.020097388954266993,30.740740740740744,27.01792513246805,69.44444444444446,25.856098093911523,0.04900534132762372,0.02233236216725458,0.0,0.0,0.00045668330028712,0.0018381056639722743,0.09174670878896217,0.04151083479923393,9.277777777777779,4.3945111667922445,1.0,0.0,1.0,0.0,1.0,0.0,1.0,0.0,0.0,0.0,0.0,0.0,0.0,0.0,0.0,0.0
heldout_domain,adaptive_rule_calibration,7,-0.5067579079795311,0.4137277492574006,0.13975391598870224,0.18031321492843597,44.0,46.6200447385947,0.04338709297926844,0.019195276125517073,0.03823761338083938,0.01771807075108054,-0.037278899271526646,0.01867772572678054,43.214285714285715,27.45009386252121,81.66666666666667,19.425018641081124,0.04839921558139813,0.022429141528089204,0.14285714285714285,0.3499271061118826,0.0005952380952380952,0.0014580296087995108,0.0866351118137911,0.04698927776695756,10.0,4.0708019567928595,1.0,0.0,1.0,0.0,1.0,0.0,1.0,0.0,0.0,0.0,0.0,0.0,1.5166982804957245,0.5915504997136258,0.005361296120833694,0.0019286767456796624
heldout_domain,confidence_gate_current,35,-0.965693387098621,0.8142167806064883,0.19198109926503426,0.20693860442024628,68.97142857142858,59.72053282428353,0.0492460877696993,0.020395502579306148,0.04310856928816372,0.019335638293588208,-0.04224588385013584,0.02024609250840986,40.22619047619048,24.20898242248056,71.26190476190476,24.88355534345147,0.06304041230101193,0.02825082511167653,0.14285714285714285,0.3499271061118826,0.0005952380952380952,0.0014580296087995106,0.0853769020142953,0.04719676205099653,8.942857142857143,4.1123011086450445,0.7126395292672646,0.1598636337167531,0.019556726640286213,0.07762079990673858,0.32745027135686466,0.3014364810596989,0.8437249022831496,0.09688215004464285,0.0,0.0,0.10452380952380953,0.16362210693409074,0.7258395291507891,0.1976931471571557,0.002373410605852294,0.0009510326529808581
heldout_domain,confidence_gate_wider,35,-0.8944925398552046,0.7754858933839306,0.16721190857758528,0.18107465018709673,57.34285714285714,50.39838027847599,0.047341481982138243,0.01882826852128438,0.04155809616249426,0.0172155103575433,-0.040658466490170166,0.018201518690292746,39.761904761904766,24.258300353784513,76.10714285714288,20.999325116031663,0.06115993841357878,0.02779495289950823,0.14285714285714285,0.3499271061118826,0.0005952380952380952,0.0014580296087995106,0.08620759213545591,0.047208862668755014,9.714285714285714,4.116665978132086,0.7453716596478732,0.1548028044569494,0.04029007283565892,0.10862436728959567,0.4002131335442215,0.282761343746577,0.8327249931167608,0.09602970132423642,0.0,0.0,0.15749999999999997,0.16248870534618512,1.1627003734478751,0.29929460496021737,0.0038157422762704713,0.0012605836468284918
heldout_domain,conservative_soc_ref_rule,7,-0.529993114128975,0.48650521776383615,0.14409577573514412,0.1955414281234905,43.0,46.717998978674466,0.04317555918005138,0.020207588113793522,0.03797699504100196,0.018496133090466046,-0.036887289994496295,0.019592462183371115,44.523809523809526,28.51867649974403,82.08333333333334,19.465832907781028,0.04816625673274162,0.024170875294299187,0.14285714285714285,0.3499271061118826,0.0005952380952380952,0.0014580296087995108,0.0867015784037879,0.04704959699183205,10.0,4.0708019567928595,1.0,0.0,1.0,0.0,1.0,0.0,1.0,0.0,0.0,0.0,0.0,0.0,1.6077237387952796,0.6262776480379122,0.007277226179714005,0.0015776215244174027
heldout_domain,fixed_retuned_calibration,7,-0.8972663527465305,0.7305183234028849,0.15222767339391327,0.17894697466045079,52.142857142857146,46.30466983987244,0.0453486601992639,0.018650006603689834,0.03922220184557461,0.017596678378301405,-0.03827347903122067,0.018569853632497118,43.80952380952381,26.452289871687523,78.27380952380953,19.29361243328018,0.05932688000192056,0.02911491717788695,0.14285714285714285,0.3499271061118826,0.0005952380952380952,0.0014580296087995108,0.08569543650390461,0.04750095787153602,9.285714285714286,4.130523512800274,1.0,0.0,1.0,0.0,1.0,0.0,1.0,0.0,0.0,0.0,0.0,0.0,0.9979166962206365,1.1102230246251565e-16,0.003975000058611234,0.0
heldout_domain,gate_current_raw_only_mask,35,-1.057497578498621,0.8770971073129378,0.1940031395288671,0.20724442483946998,68.74285714285715,60.87145371642623,0.049288031007737564,0.020374183451212478,0.04303027212749086,0.019389396933547694,-0.04218114016379354,0.020270288673579946,40.54761904761905,24.754503243632303,71.35714285714286,25.363105715177593,0.06515570482545224,0.029164156446881834,0.14285714285714285,0.3499271061118826,0.0005952380952380952,0.0014580296087995106,0.0853539512843592,0.04715004998790615,9.0,4.05674042269688,0.7085179610950922,0.16434155700003758,0.0355633446936371,0.09856178057767749,0.30086153465124343,0.3026804051551561,0.8391766786000646,0.0915892265146222,0.0,0.0,0.17202380952380955,0.1996712859901984,0.621363446412401,0.28494397725540266,0.002603492325316044,0.0008452324287178105
heldout_domain,gate_current_summary_only_mask,35,-0.7557878821332114,0.690775270558696,0.14355771707534867,0.16178429064050423,51.05714285714286,51.83652482682891,0.044447033053625615,0.018306246060489223,0.03892783780319395,0.017237671388765093,-0.037954998645966305,0.018255887441334166,43.0952380952381,26.53002299624721,78.72619047619047,21.598552011178707,0.05603422891896945,0.027346022772216923,0.14285714285714285,0.3499271061118826,0.0005952380952380952,0.0014580296087995106,0.08586192578317402,0.04715450120288477,9.485714285714286,4.108329021261414,0.7606168014375855,0.14768541214909725,0.047971062375517515,0.13384223612109278,0.43453107330393204,0.31304935135519835,0.8609263082755891,0.08201714572824466,0.0,0.0,0.0755952380952381,0.1256259835985456,1.3829445030194525,0.7175812114310948,0.003976517365357464,0.002055078607721524
heldout_domain,map_rule_zero_offset,7,-1.2083889832053583,0.9032224992347272,0.21485377186431864,0.21713345822453806,74.42857142857143,62.60729565623926,0.0512336368855668,0.02068818890951797,0.04457814451885265,0.019876879717662492,-0.0437952744189667,0.020686562941411333,39.82142857142857,24.333228496652367,68.98809523809524,26.086373190099692,0.07017173238791492,0.02963946431943178,0.14285714285714285,0.3499271061118826,0.0005952380952380952,0.0014580296087995108,0.08499537712066826,0.047107851188720566,8.714285714285714,3.989782869648269,1.0,0.0,1.0,0.0,1.0,0.0,1.0,0.0,0.0,0.0,0.0,0.0,0.0,0.0,0.0,0.0
heldout_domain,old_latent_sac_adapter,35,-0.4326921000286492,0.18549079171428606,0.2100865714727337,0.21543293866299054,74.05714285714286,63.479104709296884,0.05070955558036323,0.02060339153341237,0.044091580142455254,0.019800397515420648,-0.04329701035286223,0.02061476952200624,40.083333333333336,24.088296572112185,69.14285714285712,26.449626962207034,0.06836874329515533,0.029348274549843383,0.14285714285714285,0.3499271061118826,0.0005952380952380952,0.0014580296087995106,0.08494072202421349,0.04713104570217642,8.657142857142857,3.970914663563814,1.0,0.0,1.0,0.0,1.0,0.0,1.0,0.0,0.0,0.0,0.0,0.0,0.1608663137138051,0.07718188822753773,0.0006402218361583211,0.0003303258213059046
heldout_domain,robustness_v2_adapter,35,-1.1570974930544529,0.9701886586630653,0.20800540850250743,0.21888367692209446,64.37142857142857,60.01670515747415,0.04991282350780946,0.021251866046871085,0.043713089006556724,0.01996222229322254,-0.042884039601465015,0.020815377315637085,40.20238095238095,24.729362774239753,73.17857142857143,25.006960482280892,0.06638761511222566,0.03130705302625382,0.14285714285714285,0.3499271061118826,0.0005952380952380952,0.0014580296087995106,0.08541237699686029,0.04718512554360193,9.085714285714285,4.052311006055177,1.0,0.0,1.0,0.0,1.0,0.0,1.0,0.0,0.0,0.0,0.0,0.0,0.93980701933732,0.177987373862061,0.0024225299146132953,0.000612560199804544
heldout_nominal,adaptive_rule_calibration,8,-0.6196530991269806,0.5833326547345761,0.4166214227650338,0.2959852013748493,116.875,65.55424757405122,0.06863619906246177,0.020478295712510995,0.06227664648233102,0.021542000260108492,-0.06226924245932702,0.021549065982016363,20.9375,16.061608276155493,51.30208333333333,27.31426982252134,0.04905566618189874,0.029173759888711032,0.75,1.6393596310755,0.0032375424541335957,0.006849979285677361,0.12408046885060142,0.07464511151064722,11.0,8.73212459828649,1.0,0.0,1.0,0.0,1.0,0.0,1.0,0.0,0.0,0.0,0.0,0.0,2.1914523022482175,0.48931631556300353,0.007442051647686942,0.0015491847059657838
heldout_nominal,confidence_gate_current,40,-0.7036365032733795,0.8659880916984369,0.6698735225628731,0.3322616916317939,150.25,51.07041707290043,0.08506453316432215,0.020819017291378403,0.07822358462028327,0.020230270697158968,-0.07821870701152756,0.02022964567050648,12.604166666666666,11.816651239999333,37.395833333333336,21.279340447041843,0.04970905899221112,0.03055454318638455,0.875,1.6909686573085854,0.003696714328300128,0.007025499244115318,0.12360093282510465,0.07400363155266658,10.75,8.37779804005802,0.4157554733643508,0.22873694540431486,0.0,0.0,0.0809601422272721,0.2098200486361202,0.7050057171989682,0.1286605262665217,0.009895833333333333,0.026181914015743348,0.3036458333333333,0.20482501741832385,0.6223017034015395,0.24548686769039568,0.001967445138897895,0.001058956298531487
heldout_nominal,confidence_gate_wider,40,-0.7647432633218216,0.9235393409253118,0.6699553838718708,0.32513550003845737,152.8,49.04446961686914,0.08535616509906466,0.02012077745653601,0.07865752573642054,0.01946782673099121,-0.07865372343090715,0.019467338289960757,11.989583333333334,11.419436821769665,36.333333333333336,20.43519567369547,0.05137182814789796,0.03094459003063756,0.85,1.681517172080024,0.0036212034510133607,0.0069922143397584844,0.12361750179790368,0.07432577206929576,10.775,8.650108380823907,0.4159124129382475,0.226009641890504,0.0,0.0,0.08205318997993147,0.2089132445269803,0.6477673966218296,0.13936746349094287,0.009895833333333333,0.026181914015743348,0.48197916666666674,0.20659774451381227,0.968143390765003,0.45773362787689886,0.002603651047076004,0.001296681568669389
heldout_nominal,conservative_soc_ref_rule,8,-0.6094360436611488,0.5778623202442312,0.4137475871217213,0.2982813444062164,114.375,68.06419304597682,0.06819520906483442,0.020859214688085694,0.06164450242912847,0.02209641170003016,-0.0615985986125973,0.022143233581710477,22.1875,17.430105959230424,52.34375,28.360080435823676,0.04828248815158634,0.028666948608223136,0.75,1.6393596310755,0.003237443667758359,0.00684995358391267,0.1241408964500697,0.07466301150433269,11.0,8.73212459828649,1.0,0.0,1.0,0.0,1.0,0.0,1.0,0.0,0.0,0.0,0.0,0.0,2.2585245203081286,0.48111311458004413,0.008690212976559995,0.0009353557958069242
heldout_nominal,fixed_retuned_calibration,8,-0.6170457101488322,0.8028575711426306,0.6631807665528338,0.3344182424001969,147.75,52.31574810704708,0.0845056385203886,0.021036915126794852,0.07729982633108212,0.02040755482637923,-0.0772573169348575,0.020404457803945255,13.90625,12.402287360436112,38.4375,21.798228377936283,0.04686237379764456,0.030126662491637545,0.875,1.6909686573085854,0.003688639297455873,0.007026667875552276,0.12337680907995667,0.07425061522659415,10.5,8.573214099741124,1.0,0.0,1.0,0.0,1.0,0.0,1.0,0.0,0.0,0.0,0.0,0.0,0.9979166962206364,0.0,0.003975000058611234,0.0
heldout_nominal,gate_current_raw_only_mask,40,-0.7666041259728859,0.9392593548492205,0.6776793360992887,0.3253675991402776,153.675,48.054857975026835,0.085846644020533,0.01988600513385894,0.07918205412873078,0.01921829395171495,-0.07917816708225185,0.019217790601859408,11.479166666666666,11.452252174184391,35.96875,20.022857489594514,0.05140563720992751,0.031005082197256766,0.875,1.6909686573085854,0.003698038722014332,0.007027513793499602,0.12347810509212143,0.0740718937023643,10.65,8.398065253378304,0.412808737265408,0.22471899172181828,0.0,0.0,0.07853097355086976,0.20895002049625144,0.643583628666982,0.17095080358576925,0.009895833333333333,0.026181914015743348,0.42541666666666667,0.25434556545508447,0.4364527040686267,0.2500101528756734,0.0017944036358341089,0.000931265214904884
heldout_nominal,gate_current_summary_only_mask,40,-0.710673239231975,0.8730680347849473,0.6666709970915852,0.3292194175341976,149.825,50.783308035219605,0.08498178407536461,0.020517364028198738,0.07810311322141972,0.01989171894938629,-0.0780944307065754,0.019891302164895548,12.749999999999998,11.671799466139648,37.572916666666664,21.159711681341502,0.049263143401314574,0.03098763611333622,0.875,1.6909686573085854,0.0037538327782667635,0.007073260514467982,0.12366479876545529,0.07415998384772113,10.8,8.515280382935138,0.4168748886039736,0.22804050267281514,0.0,0.0,0.07905613252856622,0.2087783141514733,0.7013527645567165,0.14948258349225346,0.009895833333333333,0.026181914015743348,0.2708333333333333,0.258501289487435,1.075546809112637,0.6356026940701184,0.0027197999672361854,0.0016884958091343892
heldout_nominal,map_rule_zero_offset,8,-0.8543299144756271,1.0459654969905385,0.6925264216333,0.32488110700480044,156.625,45.110801090204546,0.08705974439187646,0.018932426878982327,0.08076077264383588,0.01810986973258382,-0.08075970092081518,0.01810975408796458,9.635416666666666,10.0809171950302,34.73958333333333,18.79616712091856,0.054236610028113606,0.031241493655946053,0.875,1.6909686573085854,0.003707459744267802,0.007027127840426437,0.12325307518780253,0.07412464589894854,10.5,8.426149773176359,1.0,0.0,1.0,0.0,1.0,0.0,1.0,0.0,0.0,0.0,0.0,0.0,0.0,0.0,0.0,0.0
heldout_nominal,old_latent_sac_adapter,40,-0.33964465343065553,0.20018594822949165,0.6814434620270998,0.3310153949026398,153.45,48.16323805559588,0.08602833364026156,0.02005344155808595,0.079456187147421,0.01941335926423939,-0.07945517265441374,0.019413230577304576,11.270833333333332,11.060498877386438,36.0625,20.068015856498285,0.051902998374620826,0.03121580497417605,0.875,1.6909686573085854,0.0037078267726855752,0.007028156488499863,0.12342947763040772,0.07405158321544299,10.65,8.398065253378304,1.0,0.0,1.0,0.0,1.0,0.0,1.0,0.0,0.0,0.0,0.0,0.0,0.2534424734156649,0.1479702522377271,0.000872050665306524,0.0005654266510179829
heldout_nominal,robustness_v2_adapter,40,-0.8101543526624824,1.0022094794564682,0.6913940116292462,0.30918737733052176,156.675,45.17376866058443,0.08691129921570874,0.018484988887766264,0.08012344956166415,0.01797632878890864,-0.08010551663996354,0.0179728759226719,11.0625,10.83651796140152,34.71875,18.822403608576845,0.05294947166731787,0.03185186712263386,0.9,1.6852299546352716,0.0038115514712188936,0.007010243698458368,0.1232790329746984,0.07419830064337768,10.55,8.535074692116057,1.0,0.0,1.0,0.0,1.0,0.0,1.0,0.0,0.0,0.0,0.0,0.0,0.8714677831446898,0.22480948753032218,0.002759217221456293,0.0009396368673916867
heldout_weather_dry,adaptive_rule_calibration,4,-0.29320675429165177,0.32855691067589976,0.1521065096513663,0.006776777336515712,71.75,9.575359001102779,0.05117460432318593,0.001945196246411126,0.04517960114266031,0.005218684465899034,-0.04514738748861301,0.005256079798351889,29.062500000000004,16.40782069200877,70.10416666666667,3.9897329171261577,0.03916387602494531,0.019466865031856344,0.25,0.4330127018922193,0.001239056894851411,0.0021461094953511718,0.10665148996753221,0.05461987350384401,11.75,6.5717197140474575,1.0,0.0,1.0,0.0,1.0,0.0,1.0,0.0,0.0,0.0,0.0,0.0,1.8985709157112676,0.31741245059102635,0.0065952799492438015,0.0011353840092989092
heldout_weather_dry,confidence_gate_current,20,-1.0254083041087525,1.0215168147622848,0.25629600106897577,0.1251628176737724,118.7,37.357863964632664,0.06115038657536374,0.009503049554658438,0.05673961604247241,0.009786482770598497,-0.05673037197911444,0.009786878601040022,17.000000000000004,9.49195565846271,50.541666666666664,15.565776651930278,0.06389019084701415,0.02854835091367257,0.25,0.4330127018922193,0.001288886839435849,0.002232511734918343,0.1052320053779721,0.05479066033684853,11.05,6.888214572732182,0.6662854644175921,0.12630710319823776,0.0527222895037728,0.11232412083097013,0.2069219262554864,0.22909195715447817,0.8289069572819825,0.05909579258401066,0.0,0.0,0.2033333333333333,0.16517351987127557,0.6521856910742141,0.14174108991899573,0.0021710039444592,0.0006726053335266262
heldout_weather_dry,confidence_gate_wider,20,-1.017638875602864,0.9892041482330053,0.24936678769136483,0.12350439933169134,115.6,41.27638550067096,0.06036113075918235,0.010008555124101622,0.05580275003720334,0.010436306865133442,-0.0557826580462978,0.01044926606524426,18.625000000000004,10.948189221155351,51.83333333333333,17.1984939586129,0.0640895286808713,0.02761291392057451,0.25,0.4330127018922193,0.0012845168882675356,0.0022253930939079756,0.10524189749081803,0.05481908006130382,11.05,6.917188735317261,0.6678381724517005,0.12688361044944266,0.0558783302041592,0.12088773087657304,0.19664515141384037,0.2368829488168023,0.8027474203231642,0.07549546788704917,0.0,0.0,0.31187499999999996,0.190304375168658,0.9992423444820439,0.26374630939102167,0.00306803032334851,0.0011495654292249123
heldout_weather_dry,conservative_soc_ref_rule,4,-0.28740027182075817,0.3265557856413607,0.1545314458728118,0.00291751974692607,72.0,9.246621004453464,0.051390315296808126,0.0022339484167549577,0.04536614236547795,0.005603685433670165,-0.04531907200252916,0.0056424091086483335,29.270833333333332,16.309652795371075,69.99999999999999,3.8527587518556086,0.03871358162246405,0.01935094791554638,0.25,0.4330127018922193,0.0012334862956132485,0.00213646093444207,0.10670645665611146,0.054658414587265496,11.75,6.5717197140474575,1.0,0.0,1.0,0.0,1.0,0.0,1.0,0.0,0.0,0.0,0.0,0.0,2.0350600206894645,0.3728184126538552,0.008268770246704417,0.0009621021325271114
heldout_weather_dry,fixed_retuned_calibration,4,-0.9507488408105396,1.0308270934831523,0.23546973160521564,0.12250765453103744,112.0,38.03288051147323,0.05926518963584276,0.009698753608078743,0.054929957268898426,0.010072954183735201,-0.054914062715233025,0.0100738226774799,18.4375,10.571248842181955,53.33333333333333,15.847033546447177,0.05880269308730546,0.03127826804993888,0.25,0.4330127018922193,0.0012782850950556616,0.0022140547311944175,0.10558853809816406,0.05520816975822347,11.25,7.048936089935842,1.0,0.0,1.0,0.0,1.0,0.0,1.0,0.0,0.0,0.0,0.0,0.0,0.9979166962206364,0.0,0.003975000058611234,0.0
heldout_weather_dry,gate_current_raw_only_mask,20,-0.8678733101650151,0.9367660252888714,0.25175416310225224,0.11252000461467929,115.7,37.32170949996798,0.06065113748568226,0.009107684805111253,0.05576145217359082,0.010023924187838837,-0.05573466605331203,0.01005267341276664,19.229166666666668,12.280202987600273,51.79166666666667,15.550712291653326,0.05949762752044265,0.027022135053778252,0.25,0.4330127018922193,0.0013027036438754505,0.0022568388743030095,0.10539861138265139,0.05477208158210478,11.05,6.522844471547669,0.6627650851067165,0.11292687379274781,0.03364631098625793,0.08534638492631931,0.159347283069222,0.2141070425767092,0.8179931251660157,0.04604693163475111,0.0,0.0,0.30041666666666667,0.1738798475640259,0.5847337774565021,0.24460896181426395,0.0024931083656353575,0.0007150092515119889
heldout_weather_dry,gate_current_summary_only_mask,20,-0.6047169714871276,0.7703012601617885,0.2102708051522344,0.09481651797106902,98.25,36.28481087176837,0.05677158356386369,0.008106442928464287,0.051358897196320016,0.009656333895871057,-0.05131630502748785,0.009702912602559205,23.8125,14.950888932137483,59.0625,15.118671196570153,0.051157556572973314,0.025070195810702852,0.25,0.4330127018922193,0.0012802059675134747,0.002217521078414067,0.10582433558393252,0.0545111069306185,11.3,6.473793323855805,0.699126986076298,0.09756279009083597,0.06786302787517122,0.1487028289675633,0.1970975827034005,0.24120903010392697,0.8397232751180027,0.043797413976565246,0.0,0.0,0.14250000000000002,0.16103290726501285,1.3633525314612505,0.7057607422228862,0.003716291834479745,0.0017788623971783043
heldout_weather_dry,map_rule_zero_offset,4,-1.0058680822518993,1.0446293536305018,0.257306477953548,0.12198530864176509,123.0,36.59234892706397,0.06148285569418922,0.009182603218765,0.05719636172664297,0.009552161124602268,-0.057189812309327535,0.00955222072534492,16.770833333333336,9.539642252493307,48.75,15.246812052943325,0.06269382811275122,0.029491066098964673,0.25,0.4330127018922193,0.0013111210804732465,0.0022709283262542655,0.10551158038107727,0.05508580706507868,11.25,7.048936089935842,1.0,0.0,1.0,0.0,1.0,0.0,1.0,0.0,0.0,0.0,0.0,0.0,0.0,0.0,0.0,0.0
heldout_weather_dry,old_latent_sac_adapter,20,-0.41663329458641557,0.1756733092190561,0.2565834420807451,0.1218614266274794,122.5,36.77023252578096,0.061413567719949345,0.009188708028807802,0.05712667919368956,0.009556700574845275,-0.057120350587691895,0.009556791761712008,16.770833333333336,9.49037798538897,48.95833333333333,15.320930219075402,0.06319146610871057,0.02928298031081117,0.25,0.4330127018922193,0.00130809556816854,0.0022656931314166103,0.10541561335001888,0.05495718719749997,11.2,7.039886362719216,1.0,0.0,1.0,0.0,1.0,0.0,1.0,0.0,0.0,0.0,0.0,0.0,0.19593179125057456,0.10275591302036202,0.0006910194651275378,0.00028065745148140664
heldout_weather_dry,robustness_v2_adapter,20,-0.6485769534697752,0.7448484645823409,0.21776897256951303,0.08534892359558371,105.3,34.69596518328896,0.05768583054719575,0.007639051381609186,0.052170447774813965,0.009453178245046058,-0.05210911025690795,0.009531833625004102,23.562500000000004,15.038997339324927,56.125,14.456652159703737,0.05388541714298423,0.02378727300541493,0.25,0.4330127018922193,0.0013157725365395148,0.0022792524777732895,0.10564162621193676,0.05428924227367287,11.2,6.508456038109192,1.0,0.0,1.0,0.0,1.0,0.0,1.0,0.0,0.0,0.0,0.0,0.0,0.8804579742331408,0.227881742330338,0.0022590275671385226,0.0007887114614186419
meta_validation,adaptive_rule_calibration,8,-0.0608654391825911,0.08853334487289531,0.16073820161546243,0.14467897464685062,53.0,48.966825504620985,0.04583259560047029,0.01716101396004229,0.03915309011050672,0.01774820552226433,0.002107323043655596,0.034787519455963305,45.625,29.142847416742853,77.91666666666667,20.402843960258746,0.019275698500175242,0.014137732669050647,0.375,0.6959705453537527,0.0018725217549284397,0.00289108603286304,0.08657745656335819,0.029110604012483256,12.375,1.996089927833914,1.0,0.0,1.0,0.0,1.0,0.0,1.0,0.0,0.0,0.0,0.0,0.0,0.7463547498546783,0.7619240607421609,0.0041222469979244735,0.001974300146842096
meta_validation,confidence_gate_current,40,-0.10481173523534357,0.15242905734026346,0.17950398317760227,0.16436244218839363,64.35,65.58908064609535,0.04790632143784309,0.01844423181265339,0.041692226152754655,0.019729042748510776,0.00042264816716414583,0.037628984350484534,42.47916666666667,28.549717538493752,73.1875,27.32878360253973,0.024968449196584783,0.015584332761492804,0.45,0.7053367989832944,0.0023317238334108273,0.002874149896041846,0.08644800030080432,0.029296185896951796,12.175,2.3333184523335,0.7418660566379277,0.13888699488411008,0.0,0.0,0.27380458368307115,0.306892849095947,0.8104400794730642,0.08849491975945063,0.0,0.0,0.16104166666666667,0.1938900703362604,0.654186162867728,0.20864950431991383,0.002214556457355332,0.0006117645032877616
meta_validation,confidence_gate_wider,40,-0.09262045068413939,0.1387934868523575,0.1766222606715969,0.16535242142315418,63.325,65.89172463215696,0.047010946961265065,0.01870911427494741,0.040093883313248604,0.020395475888763958,0.001905476493543615,0.03792190260272218,45.427083333333336,29.794796965498488,73.61458333333334,27.454885263398733,0.02296758508675574,0.015721790749461124,0.325,0.6851094803022361,0.0018686762929948793,0.002838029432406662,0.08607411306737436,0.029269367854297037,11.825,2.268121469410314,0.7419060459726806,0.13880634223630534,0.0,0.0,0.2744448209032967,0.3060446358873822,0.8124139314369714,0.08442901494963401,0.0,0.0,0.20864583333333334,0.22075939701749456,1.2346136888204193,0.2547600684701842,0.0037911194202383995,0.001356217227925913
meta_validation,conservative_soc_ref_rule,8,-0.05867796105792854,0.0781820708267797,0.1598949724001911,0.14327457835233984,53.625,49.45183894457313,0.04571263725001927,0.017189767665049666,0.03909501838758796,0.01757788108950763,0.0029446430832909642,0.034519209988247535,46.19791666666667,29.36645672160577,77.65625,20.60493289357214,0.019283631482112207,0.014011854311004723,0.375,0.6959705453537527,0.0018447060297258132,0.0028841099660457683,0.08670463281720728,0.029154001888570345,12.375,1.996089927833914,1.0,0.0,1.0,0.0,1.0,0.0,1.0,0.0,0.0,0.0,0.0,0.0,0.7844028727403686,0.7746804018894012,0.004631650856183842,0.0021787776470760948
meta_validation,fixed_retuned_calibration,8,-0.08298930799038046,0.09584647989366749,0.18624877378330276,0.16739448542709778,66.5,65.56866629724902,0.047646045730220715,0.019836267185697146,0.04122817813347098,0.02093933715062954,0.0022311087518566697,0.03784251036030371,45.364583333333336,31.318284770042887,72.29166666666667,27.320277623853762,0.023221426360962638,0.014459106577830089,0.5,0.7071067811865476,0.002527336212195709,0.0029145277937022117,0.08620067434283765,0.029340807683139278,12.0,2.598076211353316,1.0,0.0,1.0,0.0,1.0,0.0,1.0,0.0,0.0,0.0,0.0,0.0,0.9979166962206364,0.0,0.003975000058611234,0.0
meta_validation,gate_current_raw_only_mask,40,-0.09570536363723274,0.11616448990149625,0.18260347551008954,0.1674222765541906,65.95,66.8722476069109,0.047893318577385754,0.019064371408833266,0.04170171535949664,0.020315989263122922,0.00047417435101284754,0.03765255424382098,42.79166666666667,29.501677212208346,72.52083333333333,27.86343650287954,0.02567808487655306,0.014697481108338325,0.475,0.7066647012551284,0.0024360442698448752,0.0029012142298846947,0.08619271854385795,0.029409319967643986,11.975,2.6123504741898627,0.7386344167549866,0.14224295112457983,0.0,0.0,0.2756269841855284,0.30931280958793944,0.8210261307716452,0.08423135821739929,0.0,0.0,0.16947916666666665,0.21109089073028606,0.5922388738158839,0.23939406012987458,0.002362782900886738,0.0007323729213371835
meta_validation,gate_current_summary_only_mask,40,-0.06630835117359439,0.07880277145349764,0.17575705627532828,0.1600851316123695,61.6,60.14474208108303,0.046466065418796165,0.019429354680451094,0.03993653722330272,0.020330303472673315,0.0030887508288930257,0.03710506438258932,46.708333333333336,31.771454911952368,74.33333333333334,25.060309200451265,0.021152409977992413,0.01398580462846327,0.45,0.7053367989832944,0.002334906527418746,0.0029071062337149133,0.08624298209664367,0.02930104458440492,12.1,2.4474476501040834,0.7428156090352248,0.1373048198479896,0.0,0.0,0.27559584948705634,0.30937810228204676,0.8077229509501193,0.09708341776043665,0.0,0.0,0.16593750000000002,0.19729922877974798,1.2459207705270656,0.6347093844246554,0.003624928059420311,0.0018269104905545668
meta_validation,map_rule_zero_offset,8,-0.10062650846507859,0.11174800592932313,0.18639578640492982,0.1683424213571225,65.375,65.74750470550194,0.04855482488317525,0.018726420252921597,0.04239069496063534,0.01983629977428852,-0.0009620740506769408,0.0374791844933136,41.041666666666664,28.948589487802916,72.76041666666667,27.394793627292476,0.027244191211757085,0.014354329120803257,0.5,0.7071067811865476,0.002582711531638667,0.0029185325689576086,0.08618956415235651,0.02940541661636796,12.0,2.598076211353316,1.0,0.0,1.0,0.0,1.0,0.0,1.0,0.0,0.0,0.0,0.0,0.0,0.0,0.0,0.0,0.0
meta_validation,old_latent_sac_adapter,40,-0.17781027902892685,0.08833525933166932,0.18617767329056345,0.16746319804638868,65.325,65.09123884978685,0.048524900850778804,0.018678449938536602,0.04234411268500592,0.019734249535184822,-0.0006926463069272,0.03737800424312412,41.46875,28.43913876535782,72.78125,27.12134952074452,0.026487401324332128,0.013669241622617834,0.5,0.7071067811865476,0.002578552175064269,0.002917806977967879,0.08618864611705992,0.02939663279946905,12.0,2.598076211353316,1.0,0.0,1.0,0.0,1.0,0.0,1.0,0.0,0.0,0.0,0.0,0.0,0.15372548935468636,0.05045174098114499,0.0006527645902883402,0.00023462412799199128
meta_validation,robustness_v2_adapter,40,-0.10011830775019306,0.16941995602605664,0.18072276566066253,0.16873583292040262,61.225,62.34600528502207,0.04780657366127603,0.0185350558019506,0.041314428977657934,0.019706674497228013,-0.0009174062612487141,0.0372979591523557,42.95833333333333,27.663152387246107,74.48958333333333,25.977502202092527,0.024007285731541594,0.01565634956783981,0.4,0.7000000000000001,0.0022979643572848102,0.0029121730558652826,0.0860685009328756,0.029524729698869406,11.825,2.4686787964415298,1.0,0.0,1.0,0.0,1.0,0.0,1.0,0.0,0.0,0.0,0.0,0.0,0.9944533971477358,0.2777028316140122,0.002805667637106441,0.0007704605749492556
ood_stress,adaptive_rule_calibration,12,-0.1846343474055525,0.2985559907040118,0.3591527338442657,0.24372718039358077,73.83333333333333,49.10334905980333,0.06251378431269931,0.024598964287374098,0.05267338092189755,0.021508114539593257,-0.05199038722718291,0.021860294439650492,35.173611111111114,27.53494115087408,69.23611111111111,20.459728774918055,0.028518589707992047,0.02095051844541404,0.75,1.1636866703140785,0.003334637251309693,0.005144239529635562,0.1543616884628938,0.1001714219947325,8.5,2.362907813126304,1.0,0.0,1.0,0.0,1.0,0.0,1.0,0.0,0.0,0.0,0.0,0.0,1.797529253119137,0.6220500260100718,0.006187037693140801,0.002043130657741803
ood_stress,confidence_gate_current,60,-0.500968817679597,0.9545517575330654,0.4673657647165823,0.3605382104996998,97.23333333333333,69.75250692428352,0.06923745352902126,0.02827721683812762,0.060794426058099246,0.027564642637762215,-0.060332288534887146,0.027872883023554906,29.32638888888889,27.882243667966836,59.48611111111111,29.063544551784805,0.0365294980082674,0.03281033127394053,0.75,1.1636866703140785,0.0034867601956148674,0.005414911848001004,0.15381541842358046,0.10049874960470738,8.133333333333333,2.6360745226356728,0.5181075127109545,0.21253106295948837,0.023546583133735473,0.07616938351737507,0.12366442357588653,0.23007086928165726,0.728454898839876,0.09933267459621752,0.0,0.0,0.19368055555555552,0.1776396354558198,0.6640861333358334,0.2649978046445427,0.0018135099874501813,0.0010119640814219134
ood_stress,confidence_gate_wider,60,-0.48436726238279726,0.9516451635007367,0.4715703593733822,0.3775068404258635,96.65,68.93011557609151,0.06933986614710287,0.028928137949123557,0.06075459535633531,0.02831116230697966,-0.060271797101797996,0.02859488809114347,30.0625,28.14334021362123,59.72916666666667,28.72088149003813,0.03601932701176989,0.03261812331173157,0.75,1.1636866703140785,0.0034670361089933874,0.00536825754737018,0.15387217538111508,0.10039879513014266,8.2,2.5019992006393608,0.5198048114627222,0.21035193891725168,0.01820122325094894,0.06819734619513504,0.1237884078387864,0.23238845407112754,0.6923445310175557,0.10536220229619751,0.0,0.0,0.28618055555555555,0.2318685317390061,0.9970458332029769,0.3544546640613578,0.0028772973264650603,0.0011383584960921137
ood_stress,conservative_soc_ref_rule,12,-0.1793106497262704,0.2965963401622223,0.3559218677877595,0.24315531325227333,73.16666666666667,48.474792991363614,0.062049023674955656,0.024763712383702834,0.05196619071078637,0.021610291826713417,-0.051128698986825614,0.022076706931337283,36.94444444444445,27.92305758798145,69.5138888888889,20.197830413068175,0.02744569919677219,0.0208936839428371,0.75,1.1636866703140785,0.0033043272835602787,0.005093107445295423,0.15445213245825182,0.10023931200289206,8.5,2.362907813126304,1.0,0.0,1.0,0.0,1.0,0.0,1.0,0.0,0.0,0.0,0.0,0.0,1.8672813346027395,0.640882299833797,0.007829161417463587,0.00158342553837021
ood_stress,fixed_retuned_calibration,12,-0.5083639923860831,1.0084270333396894,0.4557256339148301,0.38985452686501587,90.16666666666667,70.15439322586212,0.06738908419752142,0.03003470296875424,0.058343502712843755,0.02941200594166388,-0.057713730938867676,0.02979742992379053,34.34027777777778,29.081452070907137,62.430555555555564,29.23099717744255,0.034016330532768,0.03438270525629256,0.75,1.1636866703140785,0.0034047257681599726,0.005260780689343033,0.15382975637398236,0.10048141166959829,8.166666666666666,2.4094720491334933,1.0,0.0,1.0,0.0,1.0,0.0,1.0,0.0,0.0,0.0,0.0,0.0,0.9979166962206364,0.0,0.003975000058611234,0.0
ood_stress,gate_current_raw_only_mask,60,-0.5486601185126952,1.0229188558609605,0.4904514259422257,0.3875727003856899,100.01666666666667,69.44626019848408,0.07069041626881166,0.029151112771362342,0.06240884713044362,0.028708787411727103,-0.06195817076535339,0.0290110877423048,28.02777777777778,27.86135343862711,58.32638888888889,28.93594174936837,0.03788700875995448,0.03396489654657521,0.75,1.1636866703140785,0.0034860167414547923,0.005415746316687766,0.15373818553419935,0.10055289443585066,8.066666666666666,2.561683474245447,0.5101034785909356,0.21217033078627223,0.023197702276553003,0.07488431608672011,0.1213064820157918,0.22653315763173956,0.6829629349777141,0.13413098542044036,0.0,0.0,0.2797222222222222,0.22236557876003188,0.5070542714220468,0.2060528092557338,0.0016166699655204358,0.0008724816368193295
ood_stress,gate_current_summary_only_mask,60,-0.3617606751234838,0.7482836491679342,0.44194251090199516,0.34145498403497104,92.51666666666667,68.76590523087894,0.06742359212264283,0.028079336476330444,0.05857672154808684,0.026945879728362314,-0.058045504839461914,0.02724533436972117,32.06944444444444,28.761870201173213,61.45138888888889,28.652460512866227,0.033716685384106625,0.028674697104116152,0.75,1.1636866703140785,0.0034510457701138948,0.0053461688063909125,0.1539309305453232,0.1002340183314381,8.366666666666667,2.3872345693058508,0.5317135234774746,0.19977596181538373,0.026431629032861594,0.08757156087825928,0.13141497030456,0.24390982543218012,0.7318012300724248,0.1028125126750358,0.0,0.0,0.16208333333333336,0.20257128946327715,1.1112523363548996,0.592619624222629,0.002660655275484162,0.0016191764269058502
ood_stress,map_rule_zero_offset,12,-0.5765637700203575,1.1007118822937205,0.523113741005052,0.41797798100809314,103.08333333333333,70.54012845340036,0.07236618735408812,0.030952362658972596,0.0644537651949675,0.03040117812708965,-0.06409143243194924,0.030658689449734707,26.597222222222225,29.215154801262443,57.048611111111114,29.391720188916814,0.03875032111256585,0.035178434201061926,0.75,1.1636866703140785,0.003494037011775152,0.005417424800671354,0.15368296507730245,0.10046649548203697,8.166666666666666,2.4094720491334933,1.0,0.0,1.0,0.0,1.0,0.0,1.0,0.0,0.0,0.0,0.0,0.0,0.0,0.0,0.0,0.0
ood_stress,old_latent_sac_adapter,60,-0.25474098699504705,0.22451095781340247,0.508010906170292,0.42039959308728037,100.0,70.81407581359325,0.07136205785691069,0.03087500525422724,0.06323708008607459,0.03041602463605876,-0.06285070523709284,0.03068454466609548,27.569444444444446,28.14121617555834,58.333333333333336,29.505864922330524,0.03822176924225381,0.03542619160597346,0.75,1.1636866703140785,0.0034700162670056054,0.005373505576327868,0.15376585108762358,0.10049370350183595,8.166666666666666,2.4094720491334933,1.0,0.0,1.0,0.0,1.0,0.0,1.0,0.0,0.0,0.0,0.0,0.0,0.2540810381265369,0.19180760193761215,0.0010196339282401703,0.0006959209167231614
ood_stress,robustness_v2_adapter,60,-0.541596109657035,1.0190990893756233,0.5007227468991372,0.39521427916618007,101.48333333333333,70.75226537401863,0.07133158316452345,0.02976139460408173,0.06316100086955583,0.02929203395062768,-0.06268533965358365,0.029609489737910475,27.284722222222225,28.03473082321724,57.71527777777778,29.480110572507765,0.03823189637885161,0.03382076061140651,0.75,1.1636866703140785,0.0036006148116889225,0.005633274980317203,0.15376531780363908,0.10040425800885544,8.166666666666666,2.517715013437559,1.0,0.0,1.0,0.0,1.0,0.0,1.0,0.0,0.0,0.0,0.0,0.0,0.88906196181586,0.22670111577923074,0.0028293941099298697,0.0010135450698040716
ood_weather,adaptive_rule_calibration,16,-1.8382943140912722,1.4545734813851665,0.405508709170181,0.34236770911900144,109.9375,66.9621803240456,0.0666814878248557,0.024361407830525143,0.059824478024248354,0.023356120728347234,-0.05969968289855062,0.023459587570549008,26.328125,17.57808641971075,54.19270833333333,27.900908468352334,0.08541600949627452,0.035144130824111525,0.0625,0.24206145913796356,0.000749761030819389,0.0029038119859987996,0.061639435282534516,0.04919628141961014,6.1875,5.6592706022949635,1.0,0.0,1.0,0.0,1.0,0.0,1.0,0.0,0.0,0.0,0.0,0.0,2.030269034087663,0.4854062239862896,0.006945557786277035,0.0015328570960751106
ood_weather,confidence_gate_current,80,-2.2271308142220496,1.4475405099956147,0.4777152902188656,0.3642613262623432,119.95,61.49327198970632,0.07182554209568565,0.024597731319415544,0.06425179330362091,0.023637236065436548,-0.06417320909664714,0.02366475786025615,24.625,15.276332002298341,50.020833333333336,25.622196662377632,0.09426399211418518,0.03402320847006516,0.1375,0.6469882147303768,0.0009792199272979168,0.0039055144846008062,0.06138625390290723,0.04894895343260289,5.975,5.477168520321426,0.5430277350689847,0.25126369145214206,0.03433541650644243,0.13345760732951048,0.1359162195889398,0.25502600774262896,0.8293259283678942,0.10762508089747881,0.0,0.0,0.16697916666666665,0.21244461594436795,0.7800967421599094,0.3287233308295695,0.002439715639528245,0.0012181024801056423
ood_weather,confidence_gate_wider,80,-2.176232851271369,1.4953700984081457,0.4742156806608209,0.36865775951680985,117.025,62.812613183977625,0.07128695090813121,0.025442522433423483,0.06367583790137823,0.024252725375968214,-0.06350177267870924,0.024455583543935944,25.71875,17.253342948018638,51.23958333333333,26.17192215999068,0.09237347466389449,0.03610791866478706,0.1375,0.6469882147303768,0.0010078802004057264,0.004015269306514396,0.06123777753596349,0.04909161916442014,5.8625,5.578404229705838,0.5507538873756523,0.2528016623120753,0.06345538723271713,0.17132042841005277,0.15526061326908097,0.2695920458741285,0.7867507420891773,0.10434416681758775,0.0,0.0,0.33265625,0.2203172465505235,0.9973498190835814,0.3176568003961786,0.003185406381167538,0.0015236786043779087
ood_weather,conservative_soc_ref_rule,16,-1.8134879145737468,1.4718240233074156,0.4021040330659629,0.34466238432017304,108.5625,68.1165992526785,0.06618117348163395,0.024753560330312775,0.05924545254263813,0.02376943979363747,-0.05909461310457243,0.02391072953282667,27.109374999999996,17.304506245915558,54.765625,28.381916355282705,0.08466198483096525,0.03572772364251369,0.0625,0.24206145913796356,0.0007261142236522169,0.002812228295649364,0.06166106556608007,0.049225900332888144,6.1875,5.6592706022949635,1.0,0.0,1.0,0.0,1.0,0.0,1.0,0.0,0.0,0.0,0.0,0.0,2.0926474383199096,0.46767536649055125,0.00828038894284982,0.0009546588020212431
ood_weather,fixed_retuned_calibration,16,-2.335112610264517,1.4482791797066286,0.4812402923886191,0.37004028215733514,120.0,63.97753511975903,0.07175080528917518,0.025407383170989627,0.06410653006639067,0.024476272467021186,-0.0639959254557708,0.024557615504362505,25.390625,16.569684467707134,50.0,26.657306299899595,0.09607472050082777,0.03456881001289728,0.0625,0.24206145913796356,0.0007969686367693617,0.003086646257657366,0.06145683063050429,0.0492054680235891,6.0,5.689903338370521,1.0,0.0,1.0,0.0,1.0,0.0,1.0,0.0,0.0,0.0,0.0,0.0,0.9979166962206364,0.0,0.003975000058611234,0.0
ood_weather,gate_current_raw_only_mask,80,-2.2126588603115374,1.4680835193596844,0.4884163979592442,0.3682754316756559,121.0625,60.68676621595519,0.07265907846939282,0.024861032073675696,0.06489242253662919,0.023809077028739883,-0.06478887799627879,0.02388353810516677,24.557291666666668,15.600862432479582,49.557291666666664,25.286152589981327,0.094041219110252,0.03428050936282169,0.1375,0.6469882147303768,0.0009855561962560564,0.003963281552998635,0.061290341847809474,0.048992683792531286,5.8625,5.537923234390306,0.5424228187407607,0.24704886174767648,0.047931088488661566,0.15060733752018846,0.1350140056743357,0.25656185031959405,0.8048084861077195,0.10775908455804924,0.0,0.0,0.2959375,0.23136256175673472,0.5766339875324216,0.27982401728504297,0.0024233323637606807,0.0009018525195617796
ood_weather,gate_current_summary_only_mask,80,-2.195379608958613,1.480189216507304,0.4662931718730129,0.37359221233681905,114.2125,65.37577795904228,0.07035972979728075,0.026022335457498172,0.06289948684106872,0.024781430810234626,-0.06272353557879293,0.02498086625341938,26.40625,18.156865547033593,52.41145833333333,27.239907482934292,0.09249214028471087,0.03608901409573851,0.1375,0.6469882147303768,0.0010031313494599022,0.004022114339466486,0.061334372315213534,0.04899598918901188,5.95,5.508856505664311,0.5570742171081161,0.2615124305664365,0.06699286450067848,0.17303519049770408,0.1749890877390779,0.2821764390879522,0.8508944002766026,0.07482375803207049,0.0,0.0,0.15385416666666668,0.23471020011536448,1.4487499467733644,0.797465571992225,0.003935084167303658,0.0022646562498352322
ood_weather,map_rule_zero_offset,16,-2.0827473470138798,1.458067381507195,0.5037556221128066,0.3686918973070013,123.3125,59.895449274131,0.07392514296406191,0.024943300768143,0.06590357118482167,0.02375582473569582,-0.06581999801760868,0.02379033266107897,24.114583333333332,15.226783186716679,48.61979166666667,24.956437197554585,0.09130133649508954,0.03423979891811543,0.25,0.9682458365518543,0.001354333189491549,0.0052453098881167426,0.061246573508674115,0.04906475032115247,5.8125,5.7578071997940325,1.0,0.0,1.0,0.0,1.0,0.0,1.0,0.0,0.0,0.0,0.0,0.0,0.0,0.0,0.0,0.0
ood_weather,old_latent_sac_adapter,80,-0.5821253130631237,0.2164471640340911,0.4986516819986767,0.36694155816246454,123.175,60.22432544246553,0.07354608931985596,0.024806574564852222,0.06561767851673551,0.023685598004711813,-0.06553308825242198,0.023724585781698726,24.161458333333332,15.291651588037526,48.67708333333333,25.093468934360637,0.09224690026769158,0.03430963060990519,0.15,0.6726812023536857,0.0010518359169746912,0.0041774681984661265,0.06121579438464899,0.04909882986277899,5.775,5.625777724012921,1.0,0.0,1.0,0.0,1.0,0.0,1.0,0.0,0.0,0.0,0.0,0.0,0.15339791518868878,0.1416985441247239,0.0005819579032551701,0.0004961995011575542
ood_weather,robustness_v2_adapter,80,-2.1612471465623475,1.4769512045887532,0.48434912462872093,0.36725470582113756,117.625,58.69548002188925,0.07240419872682387,0.024781488416711236,0.06457425433478456,0.023618136443495353,-0.06447164176998918,0.023698735297126395,24.276041666666668,15.275215911310477,50.989583333333336,24.45645000912052,0.09300259394621409,0.034039874417489575,0.175,0.770957197255464,0.0011536089492480354,0.004540783912192734,0.061151269029846356,0.048978898851077465,5.725,5.5878775040260145,1.0,0.0,1.0,0.0,1.0,0.0,1.0,0.0,0.0,0.0,0.0,0.0,0.8802438261625504,0.22772364042227503,0.002281583893159544,0.0006647800310264327
