domain,controller_group,n,episode_reward_mean,episode_reward_std,SOC_tail_risk_mean,SOC_tail_risk_std,SOC_tail_violation_steps_mean,SOC_tail_violation_steps_std,SOC_RMSE_mean,SOC_RMSE_std,SOC_MAE_to_ref_mean,SOC_MAE_to_ref_std,mean_signed_SOC_error_mean,mean_signed_SOC_error_std,time_in_SOC_band_0p03_pct_mean,time_in_SOC_band_0p03_pct_std,time_in_SOC_band_0p06_pct_mean,time_in_SOC_band_0p06_pct_std,abs_final_SOC_error_mean,abs_final_SOC_error_std,constraint_violation_steps_mean,constraint_violation_steps_std,battery_limit_proximity_risk_mean,battery_limit_proximity_risk_std,SOC_corrected_fuel_kg_mean,SOC_corrected_fuel_kg_std,engine_switch_count_mean,engine_switch_count_std,confidence_mean_mean,confidence_mean_std,confidence_min_mean,confidence_min_std,confidence_p5_mean,confidence_p5_std,action_attenuation_ratio_mean_mean,action_attenuation_ratio_mean_std,fallback_activation_ratio_mean,fallback_activation_ratio_std,direction_suppression_ratio_mean,direction_suppression_ratio_std,safety_filter_checked_ratio_mean,safety_filter_checked_ratio_std,safety_filter_rejection_ratio_mean,safety_filter_rejection_ratio_std,residual_magnitude_mean_mean,residual_magnitude_mean_std,mean_abs_delta_P_eng_on_kw_mean,mean_abs_delta_P_eng_on_kw_std,mean_abs_delta_SOC_ref_mean,mean_abs_delta_SOC_ref_std,mean_abs_residual_delta_P_eng_on_kw_mean,mean_abs_residual_delta_P_eng_on_kw_std,mean_abs_residual_delta_SOC_ref_mean,mean_abs_residual_delta_SOC_ref_std
sumo_arterial_mixed,adaptive_rule_9knob_fitted,2,-1.8174105338471063,1.7374173253696328,0.16890836282210836,0.16165823902417695,62.0,62.0,0.044713025299113016,0.020875402291818366,0.03701659137670344,0.017320961140562044,-0.022342487150819018,0.030833952356054403,57.083333333333336,20.833333333333336,74.16666666666667,25.833333333333332,0.07948082023161285,0.04430507812012041,0.0,0.0,0.0,0.0,0.10717951811786126,0.0411147403084572,3.5,1.5,1.0,0.0,1.0,0.0,1.0,0.0,1.0,0.0,0.0,0.0,0.0,0.0,0.0,0.0,0.0,0.0,0.0,0.0,1.190238721444893,0.8161962565039266,0.005496633592986997,0.0028078220565578727,0.03799714086956858,0.0022837514112931494,0.001071848316288803,0.000614083878525283
sumo_arterial_mixed,adaptive_rule_9knob_hand,2,-1.4408712353031254,1.3415344943193637,0.11248050887694418,0.10380249559500508,51.5,51.5,0.040006095810607246,0.015677076057116986,0.03320437171864756,0.013238456544998176,-0.017565268776570397,0.027011774424111634,57.5,19.583333333333332,78.54166666666667,21.458333333333332,0.07197281715359286,0.03502255487883524,0.0,0.0,0.0,0.0,0.10703473976272941,0.0410204566362722,3.5,1.5,1.0,0.0,1.0,0.0,1.0,0.0,1.0,0.0,0.0,0.0,0.0,0.0,0.0,0.0,0.0,0.0,0.0,0.0,1.160008771611578,0.8102775351534036,0.004547296432691167,0.0019364625517554505,0.0,0.0,0.0,0.0
sumo_arterial_mixed,adaptive_rule_calibration,2,-1.9561089970994754,1.8808541257605818,0.19852771950994225,0.19529679468103395,62.5,62.5,0.045436646933530514,0.02426333907220492,0.03774781707691767,0.020392458230709575,-0.025870356184644908,0.03158107491512531,58.33333333333333,22.916666666666668,73.95833333333333,26.041666666666668,0.0823068113024325,0.04761802997235537,0.0,0.0,0.0,0.0,0.10691228948087708,0.04120079659718375,3.5,1.5,1.0,0.0,1.0,0.0,1.0,0.0,1.0,0.0,0.0,0.0,0.0,0.0,0.0,0.0,0.0,0.0,0.0,0.0,1.229500222239494,0.8490009318074186,0.004638923082215047,0.0022185195149043487,0.0,0.0,0.0,0.0
sumo_arterial_mixed,conservative_soc_ref_rule,2,-1.9306988964517815,1.831514165251914,0.19070580715683355,0.18567831044616834,62.5,62.5,0.045413939343482104,0.023226281946868266,0.0376420517903704,0.019583731192859978,-0.024444928252859155,0.031862501572917167,57.08333333333333,21.249999999999996,73.95833333333333,26.041666666666668,0.08262146993650368,0.04567837000879807,0.0,0.0,0.0,0.0,0.10700723855387749,0.04122097894890357,3.5,1.5,1.0,0.0,1.0,0.0,1.0,0.0,1.0,0.0,0.0,0.0,0.0,0.0,0.0,0.0,0.0,0.0,0.0,0.0,1.1560033492698352,0.8904072829243155,0.005515037716925472,0.002456820118210059,0.0,0.0,0.0,0.0
sumo_arterial_mixed,fixed_retuned_calibration,2,-1.5320971904991494,1.4240563824730177,0.17048548011647463,0.16479156671120476,72.5,72.5,0.04451722982829057,0.02193911036431117,0.03827747579141325,0.019913882647787956,-0.025095535170736646,0.03264383948701793,52.083333333333336,25.833333333333336,69.79166666666667,30.208333333333332,0.0742104244583375,0.036566383123235374,0.0,0.0,0.0,0.0,0.10732131048641003,0.04091323293931454,3.5,1.5,1.0,0.0,1.0,0.0,1.0,0.0,1.0,0.0,0.0,0.0,0.0,0.0,0.0,0.0,0.0,0.0,0.0,0.0,0.9979166666666667,0.0,0.003985416666666668,0.0,0.0,0.0,0.0,0.0
sumo_arterial_mixed,global_static_tuned,2,-0.9701883669026016,0.9596725490057932,0.09159961639652738,0.043717819153571244,35.0,21.0,0.041634818718821465,0.006528058462776643,0.03532963804240984,0.005657649735787848,-0.01236387868077393,0.024420098580115852,44.583333333333336,6.25,85.41666666666667,8.75,0.049689640482994485,0.043583363029630035,2.0,2.0,0.008333333333333333,0.008333333333333333,0.10595748996086304,0.03893340008141066,3.5,1.5,1.0,0.0,1.0,0.0,1.0,0.0,1.0,0.0,0.0,0.0,0.0,0.0,0.0,0.0,0.0,0.0,0.0,0.0,1.7809549267071683,0.5271774125160889,0.006599390691638156,0.0030366350169128776,0.7987685203552246,0.0,0.004268395304679872,0.0
sumo_arterial_mixed,map_rule_zero_offset,2,-1.5890119075682925,1.507185547417125,0.18308382361380218,0.17196466308153682,74.5,74.5,0.04661037542334738,0.02164467214076916,0.040093465812469614,0.019910144513724762,-0.02792980853670483,0.03187190156951504,49.375,23.541666666666668,68.95833333333333,31.041666666666668,0.074599243490403,0.03922199630884923,0.0,0.0,0.0,0.0,0.10738860404436781,0.04111931465317928,3.5,1.5,1.0,0.0,1.0,0.0,1.0,0.0,1.0,0.0,0.0,0.0,0.0,0.0,0.0,0.0,0.0,0.0,0.0,0.0,0.0,0.0,0.0,0.0,0.0,0.0,0.0,0.0
sumo_arterial_mixed,per_task_static_oracle,2,-0.024694866532192817,0.022807547291212368,0.07465545987623765,0.07380163924758179,27.0,27.0,0.03199490722672706,0.013325826169535768,0.023672609823025523,0.008040038783216689,-0.012557252528758065,0.01360898818018208,77.70833333333333,11.875,88.75,11.25,0.015745983183649837,0.015728017414151974,0.0,0.0,0.0,0.0,0.10710951064237725,0.0400843849664927,3.0,1.0,1.0,0.0,1.0,0.0,1.0,0.0,1.0,0.0,0.0,0.0,0.0,0.0,0.0,0.0,0.0,0.0,0.0,0.0,0.7535135485221515,0.0630804377892793,0.010198523654249584,0.002039735729744087,0.7536662817001343,0.20626294612884521,0.008564830422401429,0.00041591882705688515
sumo_arterial_mixed,v3_meta_rl,10,-2.2444007611069794,2.1538351215919156,0.14082140282093017,0.13949182958529951,60.4,62.138876719812046,0.04216700479347151,0.01944941096103819,0.035702076210914147,0.016920703100766207,-0.024680691747854994,0.02694757668230467,55.25,23.481819208343577,74.83333333333333,25.891198633255023,0.07061691154861882,0.04038330062546184,0.2,0.4000000000000001,0.0012082449810796529,0.0018138981280538928,0.10739179337885467,0.04090502648706269,3.5,1.5,0.6798089071025395,0.17398506582141615,0.030719670470779885,0.06051223737772386,0.36131590938855934,0.3619049607702979,0.7719794161517431,0.09067445669632404,0.0008333333333333333,0.0016666666666666666,0.2512500000000001,0.25527116573470565,0.0,0.0,0.0,0.0,0.0,0.0,1.2544198234119617,0.6866230279040615,0.004351382769002904,0.001634293316856808,0.38809230472785805,0.10068470639075602,0.003768639251051355,0.0014745445315175792
sumo_arterial_mixed,v3_meta_rl_floor085,10,-2.280753824733303,2.1929738582300535,0.14335051151767939,0.1430018713459054,60.8,61.89151799721832,0.042077203325955256,0.019914473552873593,0.035517293946581985,0.017335936183556864,-0.025419021922189693,0.026408123391941585,56.29166666666667,23.961376618308982,74.66666666666667,25.78813249884097,0.07068795986577917,0.041542077474581704,0.3,0.45825756949558405,0.0012705851073968155,0.0018968880527485377,0.10765698518636091,0.040744031300571706,3.5,1.5,0.6768834079843105,0.17384183432783282,0.023286256047905622,0.059250508907018974,0.35778797984530725,0.3583257432687313,0.793433751006724,0.09527243321078104,0.00125,0.0019094065395649333,0.25291666666666673,0.2542284760910067,0.0,0.0,0.0,0.0,0.0,0.0,1.2432065587484316,0.6579672821888272,0.004407011710661559,0.0015834061773797948,0.38795330284046936,0.0972134262791673,0.0037644085133166907,0.0014149512985959256
sumo_arterial_mixed,v3_meta_rl_ungated,10,-2.3072239999665687,2.260096198428249,0.15786674471830653,0.15785053377424021,64.2,64.82869734924496,0.04274228465518288,0.021773661153660143,0.03623927784638017,0.0192687014326385,-0.02779047731036925,0.027000046041785596,56.958333333333336,27.19850511619261,73.25000000000001,27.011957228852065,0.07085790028788412,0.042586130919468786,0.3,0.45825756949558405,0.001330092959677827,0.0018717197637061888,0.10777556357563187,0.040718396225832176,3.5,1.5,1.0,0.0,1.0,0.0,1.0,0.0,1.0,0.0,0.0,0.0,0.0,0.0,0.0,0.0,0.0,0.0,0.0,0.0,1.2186313279544918,0.6314528953353961,0.0037653157392516694,0.0015876853849476485,0.3890701183845522,0.09678700814431193,0.0037956036654359197,0.0014609842371314922
sumo_freeway_cruise,adaptive_rule_9knob_fitted,2,-0.04009553745991902,0.018311126724686242,0.029940079653139162,0.02426750898197702,12.5,12.5,0.03097163599093817,0.006674520437599127,0.026526952775043515,0.006016791654285354,-0.008732052089154577,0.020821899093091574,58.54166666666667,10.625000000000004,94.79166666666666,5.208333333333336,0.02160364779172036,0.0027127971272007945,0.0,0.0,0.0,0.0,0.08143076372358857,0.0046263933239806265,4.0,1.0,1.0,0.0,1.0,0.0,1.0,0.0,1.0,0.0,0.0,0.0,0.0,0.0,0.0,0.0,0.0,0.0,0.0,0.0,0.8550225668129696,0.5925951345535521,0.004517611000636982,0.001550691607623727,0.052225536848576816,0.018302758668009268,0.0008284504444357782,0.0002708249795735657
sumo_freeway_cruise,adaptive_rule_9knob_hand,2,-0.03815805830671773,0.016540381658609986,0.027356458659971748,0.019376414525367678,11.0,11.0,0.030682686920890108,0.0054065028289929495,0.026437864766979,0.004907846007814144,-0.0070521688618612475,0.020357235265503714,61.041666666666664,6.041666666666664,95.41666666666666,4.583333333333336,0.02074670239867138,0.0019130761008981922,0.0,0.0,0.0,0.0,0.08142003060643327,0.0043657486784270255,4.0,1.0,1.0,0.0,1.0,0.0,1.0,0.0,1.0,0.0,0.0,0.0,0.0,0.0,0.0,0.0,0.0,0.0,0.0,0.0,0.8404567553283788,0.6183618808948652,0.003829795154386761,0.0010274313979176468,0.0,0.0,0.0,0.0
sumo_freeway_cruise,adaptive_rule_calibration,2,-0.040369759055170595,0.021690929481853496,0.029074861606476664,0.024133550260508913,12.5,12.5,0.030631190400243584,0.006833369672799142,0.026267295754752423,0.006171588623657088,-0.008767632238848109,0.020440916912887873,60.41666666666667,10.833333333333332,94.79166666666666,5.208333333333336,0.0215226471845702,0.004473448660873958,0.0,0.0,0.0,0.0,0.08116894130988186,0.004460747001092162,4.0,1.0,1.0,0.0,1.0,0.0,1.0,0.0,1.0,0.0,0.0,0.0,0.0,0.0,0.0,0.0,0.0,0.0,0.0,0.0,0.8361034327415908,0.6074762937914938,0.0038473669550427025,0.0011513211544748071,0.0,0.0,0.0,0.0
sumo_freeway_cruise,conservative_soc_ref_rule,2,-0.04057354999682836,0.01757471713485001,0.029357350716066224,0.022403865191094347,12.0,12.0,0.031124675282669094,0.006021051436682861,0.026770039762940075,0.005401918918958788,-0.007808234259446074,0.020990618943387565,59.16666666666667,8.333333333333332,95.0,5.0,0.021916153050461684,0.002213391381881591,0.0,0.0,0.0,0.0,0.08121755178402515,0.004471546213565998,4.0,1.0,1.0,0.0,1.0,0.0,1.0,0.0,1.0,0.0,0.0,0.0,0.0,0.0,0.0,0.0,0.0,0.0,0.0,0.0,0.829900054698697,0.625219036385207,0.005003234019115205,0.002179608502974475,0.0,0.0,0.0,0.0
sumo_freeway_cruise,fixed_retuned_calibration,2,-0.04671030936937369,0.020551469383301314,0.03174803417782004,0.024271771368319057,13.0,13.0,0.03226225832461633,0.0057738961414430055,0.028199933037267158,0.004705538026630771,-0.007421702406037749,0.02260391702630831,54.79166666666667,7.708333333333332,94.58333333333334,5.416666666666664,0.024734028855312062,0.003302767164478637,0.0,0.0,0.0,0.0,0.08115128487087936,0.004554641236179262,4.0,1.0,1.0,0.0,1.0,0.0,1.0,0.0,1.0,0.0,0.0,0.0,0.0,0.0,0.0,0.0,0.0,0.0,0.0,0.0,0.9979166666666667,0.0,0.003985416666666668,0.0,0.0,0.0,0.0,0.0
sumo_freeway_cruise,global_static_tuned,2,-0.1611178958019397,0.12027787932707312,0.04437223029134401,0.016608303784440066,20.0,10.0,0.03437381034042857,0.004039416835453509,0.029559338432001286,0.004231740315454745,0.0029401510718146864,0.0228199929961831,57.29166666666667,10.208333333333332,91.66666666666666,4.166666666666664,0.030687087548622427,0.01600058784287267,0.0,0.0,0.0,0.0,0.08244823449647284,0.005153040412399487,4.0,1.0,1.0,0.0,1.0,0.0,1.0,0.0,1.0,0.0,0.0,0.0,0.0,0.0,0.0,0.0,0.0,0.0,0.0,0.0,1.4514840381592276,0.43625441164014156,0.004732135135088967,0.0026242841138005967,0.7987685203552246,0.0,0.004268395304679872,0.0
sumo_freeway_cruise,map_rule_zero_offset,2,-0.04812328476585783,0.02893579698098326,0.032490468886638535,0.028244026146793638,13.5,13.5,0.031203558787602753,0.007709248272224271,0.026681514901891006,0.006913158102758225,-0.010018765643905712,0.021110488717837227,56.875,14.375,94.375,5.625,0.024375741975565635,0.006984837653649711,0.0,0.0,0.0,0.0,0.0809820030519635,0.004482976345875217,4.0,1.0,1.0,0.0,1.0,0.0,1.0,0.0,1.0,0.0,0.0,0.0,0.0,0.0,0.0,0.0,0.0,0.0,0.0,0.0,0.0,0.0,0.0,0.0,0.0,0.0,0.0,0.0
sumo_freeway_cruise,per_task_static_oracle,2,-0.018786861906267792,0.011962484301935264,0.010378701758833497,0.009534406477365174,3.0,3.0,0.022353807998200373,0.006469028780434285,0.018391018093693045,0.0054642302724083915,-0.005756893904471295,0.007025234790405233,80.0,14.583333333333329,98.75,1.25,0.0012251361864007437,0.0011947939015577447,0.0,0.0,0.0,0.0,0.08206179207319439,0.003989770027712759,4.0,1.0,1.0,0.0,1.0,0.0,1.0,0.0,1.0,0.0,0.0,0.0,0.0,0.0,0.0,0.0,0.0,0.0,0.0,0.0,0.6948495414506487,0.33493944560115774,0.0102737166287852,0.0015103281016595896,0.1387418955564499,0.0065992772579193115,0.009264838993549348,0.000618934333324433
sumo_freeway_cruise,v3_meta_rl,10,-0.061402003695417796,0.0571297811298569,0.05620210966688037,0.05770737044011819,21.8,26.84324868565651,0.03408879803803202,0.010974383015026021,0.029213076559707486,0.00933931679881403,-0.011669550264474863,0.02392167294107695,59.5,18.1981760380295,90.91666666666667,11.184686952356879,0.02343781678563146,0.010095482230100098,0.0,0.0,0.0,0.0,0.08191254677035523,0.004342044825409319,4.0,1.0,0.8196020543562913,0.10200508667212993,0.32805595677033433,0.3332145742790403,0.4257045455268722,0.42663367482140513,0.8601519480518759,0.059325505368848015,0.0,0.0,0.0875,0.11202058342604324,0.0,0.0,0.0,0.0,0.0,0.0,0.8665402639223851,0.5166459316519192,0.004200010323419834,0.001198938429121859,0.36519742497960883,0.08186876648369391,0.0030946846883404453,0.0011919175353904499
sumo_freeway_cruise,v3_meta_rl_floor085,10,-0.06607388423826974,0.06579021537335716,0.057600554745071905,0.057554841944165894,21.7,25.776151768640716,0.03434046426493503,0.011054663074062481,0.029442400652465606,0.009438791279108778,-0.011944696948223537,0.024092568987165743,58.458333333333336,19.150400706570665,90.95833333333334,10.740063236933631,0.023831834174326282,0.010452879631228021,0.0,0.0,0.0,0.0,0.0821153295159522,0.004171695340986268,4.0,1.0,0.8199202958769598,0.10004670408468469,0.32805581441347964,0.33321450540573827,0.4257058392650433,0.42663518011339663,0.8799932831339549,0.04569383996486251,0.0,0.0,0.08666666666666667,0.10750968948580092,0.0,0.0,0.0,0.0,0.0,0.0,0.8580521840863021,0.5095197914898574,0.004242771049950931,0.0012698823889773284,0.36337435580596017,0.07801629735770255,0.0030985582600696945,0.001168255809599141
sumo_freeway_cruise,v3_meta_rl_ungated,10,-0.062321849300246354,0.05482936557552734,0.059066587252760996,0.057257982935635776,23.2,25.150745515789385,0.034917801153246254,0.010879777201960483,0.029974178522178437,0.009303876019242058,-0.011758130529133631,0.024750464539168952,56.333333333333336,18.81267303353425,90.33333333333334,10.479477298245577,0.023780920403281468,0.009965603211603054,0.0,0.0,0.0,0.0,0.08226046538273916,0.004162795070999679,4.0,1.0,1.0,0.0,1.0,0.0,1.0,0.0,1.0,0.0,0.0,0.0,0.0,0.0,0.0,0.0,0.0,0.0,0.0,0.0,0.8410522178532893,0.47958444430277253,0.004149634876688486,0.0013314180802964566,0.36393096494333194,0.07771247214493505,0.0031144207914524788,0.0011235090839791014
sumo_selected,adaptive_rule_9knob_fitted,82,-0.6296149588669574,1.0753247170558968,0.18890946004457282,0.17961805054137495,57.073170731707314,48.37576002750906,0.04868637140711139,0.018055957724224483,0.04014693284245145,0.016566748091148848,-0.023326029186468724,0.03224648147495429,47.56605691056911,21.195377500907487,76.21951219512195,20.156566678128772,0.041170318445198056,0.03449149581183252,0.7195121951219512,1.6912572192184712,0.0034036086380793682,0.007554915520098955,0.121051590808562,0.09578994729256085,3.048780487804878,1.962467579501604,1.0,0.0,1.0,0.0,1.0,0.0,1.0,0.0,0.0,0.0,0.0,0.0,0.0,0.0,0.0,0.0,0.0,0.0,1.3248007365182017,0.697335916384335,0.005457279327389037,0.001801161927007563,0.06223224686904519,0.03511022132692064,0.000824108205327753,0.00036436484611093777
sumo_selected,adaptive_rule_9knob_hand,82,-0.6810836043081749,1.101629226962121,0.192752441365878,0.18341053924953027,57.74390243902439,49.00468145272617,0.049046149341717325,0.0181222705019822,0.040437713361169636,0.016810464831934623,-0.021701541674461033,0.033223036956812106,47.38313008130081,20.946771891361106,75.94004065040652,20.41861727196924,0.0430749619274485,0.035218441232014494,0.5853658536585366,1.4646336386343832,0.0027752563865846656,0.006397119647914571,0.12078588542488927,0.09552192948169215,2.9878048780487805,1.9158765582149775,1.0,0.0,1.0,0.0,1.0,0.0,1.0,0.0,0.0,0.0,0.0,0.0,0.0,0.0,0.0,0.0,0.0,0.0,1.3099803999523354,0.7412552610263057,0.004870414224092252,0.0017270326781064914,0.0,0.0,0.0,0.0
sumo_selected,adaptive_rule_calibration,82,-0.6383385103306211,1.0781584268892668,0.20058650972679906,0.1865922821669251,60.1219512195122,48.882484828637864,0.05001502585136153,0.018279716310843668,0.041550143266861204,0.016918476563077597,-0.023718089175451356,0.03381906559904794,45.56910569105691,21.07798545914504,74.94918699186992,20.367702011932444,0.04210448226350531,0.034252275875335386,0.6951219512195121,1.5825960795419527,0.0034153087955527245,0.007337162480760381,0.12059633412106381,0.09524118555621297,3.073170731707317,2.00475342322288,1.0,0.0,1.0,0.0,1.0,0.0,1.0,0.0,0.0,0.0,0.0,0.0,0.0,0.0,0.0,0.0,0.0,0.0,1.3263352777547737,0.7337891121005288,0.00501530554809014,0.0017516751548494849,0.0,0.0,0.0,0.0
sumo_selected,conservative_soc_ref_rule,64,-0.38702083605064724,0.8559900515538295,0.18289939517474108,0.17176140939862766,51.84375,41.41301831474615,0.04797056940121973,0.017491004779233155,0.03862869919831035,0.015002861294302316,-0.024736743847207657,0.02689953155129985,50.48828125,18.493112146750402,78.3984375,17.255424297810894,0.03307798054982388,0.02661101892858375,0.859375,1.7398562036487384,0.004138910845601776,0.007934154398965929,0.14864674438022002,0.08983500894830329,3.75,1.6770509831248424,1.0,0.0,1.0,0.0,1.0,0.0,1.0,0.0,0.0,0.0,0.0,0.0,0.0,0.0,0.0,0.0,0.0,0.0,1.2463258319656725,0.6735928238427435,0.005976231372628182,0.0019620056962497937,0.0,0.0,0.0,0.0
sumo_selected,fixed_retuned_calibration,64,-0.4677505211261967,0.9269493809680055,0.1977013684976382,0.18531094809246937,55.0625,41.99772129235109,0.04948496267945275,0.018047612472704953,0.04008748873472885,0.0157472129342579,-0.02679449157604847,0.02747118785492915,47.955729166666664,19.082514360781367,77.05729166666667,17.499050538479622,0.03598606161771571,0.028808413524858103,0.890625,1.8295934273425338,0.004236216124358295,0.008335807304703477,0.14837036215018135,0.0896482215031224,3.671875,1.649381394455206,1.0,0.0,1.0,0.0,1.0,0.0,1.0,0.0,0.0,0.0,0.0,0.0,0.0,0.0,0.0,0.0,0.0,0.0,0.9979166666666667,0.0,0.003985416666666668,0.0,0.0,0.0,0.0,0.0
sumo_selected,global_static_tuned,82,-0.7111176710864233,1.0616859246537398,0.20872763707278655,0.18157665192503503,65.64634146341463,47.05507202936025,0.051140302937032166,0.01737873195138822,0.0419587130380125,0.016423556798403793,-0.015107954628577584,0.03617867965401267,46.1280487804878,20.117213246905465,72.64735772357724,19.606280012233437,0.04527936833784764,0.0346364181459537,0.8658536585365854,2.4182345662918157,0.004146909904979809,0.011100239689570973,0.1206541979876217,0.09532869951740311,2.8536585365853657,1.7746311964469508,1.0,0.0,1.0,0.0,1.0,0.0,1.0,0.0,0.0,0.0,0.0,0.0,0.0,0.0,0.0,0.0,0.0,0.0,1.7841210982392273,0.5771664088104898,0.006715097592846218,0.00348146636390707,0.7987685203552246,0.0,0.004268395304679872,0.0
sumo_selected,map_rule_zero_offset,82,-0.712745310326201,1.106410620200237,0.22126955690258945,0.19489331552777925,65.48780487804878,48.32290874746248,0.05230298120107538,0.018214645744822455,0.04356462090618111,0.017127943686095076,-0.027424191693031584,0.03406020894863419,42.764227642276424,20.93092105261449,72.71341463414635,20.1345453114427,0.04419075892987665,0.035979292593157505,0.6707317073170732,1.623417638951253,0.0032746481196347663,0.0075354296948634695,0.12040863310835448,0.09512112810747957,2.975609756097561,1.9504571681487568,1.0,0.0,1.0,0.0,1.0,0.0,1.0,0.0,0.0,0.0,0.0,0.0,0.0,0.0,0.0,0.0,0.0,0.0,0.0,0.0,0.0,0.0,0.0,0.0,0.0,0.0
sumo_selected,per_task_static_oracle,82,-0.4648460620309559,0.9575175521580682,0.1488811292214878,0.16437036243742553,41.670731707317074,43.808634542065036,0.04254185467232948,0.018285627677993452,0.03327612311470047,0.01559115915240899,-0.020986860463479293,0.023942097798542606,59.67987804878049,20.943034223947905,82.63719512195122,18.253597725860434,0.024735249681464164,0.038086203924504694,0.3902439024390244,1.2072554800745936,0.0025234299940111653,0.006731252180557397,0.12135993822561336,0.09626772150942713,2.9390243902439024,1.8633012990690563,1.0,0.0,1.0,0.0,1.0,0.0,1.0,0.0,0.0,0.0,0.0,0.0,0.0,0.0,0.0,0.0,0.0,0.0,1.2667782150336626,0.5930022076856158,0.007696035563400164,0.003265885310508042,0.26116614714946323,0.30902121292420487,0.005244498820322362,0.004018893121937413
sumo_selected,v3_meta_rl,410,-0.9738552544657681,1.6165212655856709,0.19684166981379286,0.18223937553289427,59.44146341463415,47.65698308624674,0.04956920315113633,0.018206614043257054,0.04101798512129929,0.01665171115675787,-0.024798440641939874,0.032339306840340296,46.78556910569106,21.02446483730535,75.23272357723577,19.85707628593614,0.042716847655157604,0.03553396524120894,0.7292682926829268,1.8850818578899606,0.003591412370291295,0.0088593986385006,0.12086499787865856,0.09529925410913602,3.0829268292682928,1.9798869688141771,0.6690745497745003,0.13744036510557073,0.03898387525856586,0.12991784628949143,0.20774422466286685,0.26611048504654133,0.709285755736546,0.1281164038039676,0.008119918699186992,0.027769927711253427,0.23270325203252032,0.18682972158485134,0.0,0.0,0.0,0.0,0.0,0.0,1.283942095571437,0.6177985999963199,0.005001895406042226,0.0016736249669255523,0.36418681632273014,0.0901516413359,0.0036118888834800033,0.0013388632425229445
sumo_selected,v3_meta_rl_floor085,410,-0.9972750841377913,1.641012922514497,0.20354815388294625,0.19140444018128752,60.08780487804878,47.76913073606217,0.05017164900225989,0.01872274024659239,0.041396619109651346,0.017024858259002684,-0.02520747416087997,0.03256204703333268,46.74390243902439,21.044980945164856,74.96341463414635,19.903804473359244,0.043255729112171175,0.03574159051332384,0.9853658536585366,3.266202462292821,0.0046846123835867955,0.014047800351599804,0.12062491130324858,0.09450053704851666,3.0585365853658537,1.9497311396585413,0.6662612466362829,0.13867238987218222,0.039851720663103336,0.1276480959902568,0.19860224252357012,0.26552582574086075,0.7649904244596571,0.11111499360405118,0.010528455284552846,0.036225055008253355,0.2346544715447154,0.18645585290258737,0.0,0.0,0.0,0.0,0.0,0.0,1.2749569068740507,0.6031704071786773,0.005065848000735628,0.0017145087479681004,0.3650089838046008,0.09061553354273168,0.0035919284055302182,0.001319419865630119
sumo_selected,v3_meta_rl_ungated,410,-0.9982000359301503,1.6272841189019795,0.20556372759759042,0.1938725575031289,60.01951219512195,47.84496925162431,0.05026338047025725,0.018985028648162556,0.041468034248876504,0.017178691987934046,-0.025484981465410117,0.032411581463213414,46.80792682926829,21.06959403634618,74.9918699186992,19.93540385484346,0.04329450089761644,0.03604890662915717,0.9682926829268292,3.36864589024268,0.004599568320690214,0.014198307921778695,0.12076342367025783,0.09445083041897293,3.0658536585365854,1.9463674428243543,1.0,0.0,1.0,0.0,1.0,0.0,1.0,0.0,0.0,0.0,0.0,0.0,0.0,0.0,0.0,0.0,0.0,0.0,1.2229986915300144,0.538805989090051,0.004489685024547441,0.0017519785498371458,0.3668730527334957,0.09282097680807055,0.0035192062673885063,0.001289470603569256
sumo_suburban_cruise,adaptive_rule_9knob_fitted,2,-0.3996425964620013,0.35520019242997025,0.04413136906510086,0.011946531797925847,9.0,7.0,0.03401788852533451,0.0022799697112818144,0.028553762597397545,0.0017185364348361026,0.020111340725511788,0.009704322731465582,54.16666666666667,5.833333333333332,96.25,2.9166666666666714,0.03936084948529217,0.02412130633200138,1.0,1.0,0.004216149038686425,0.004216149038686425,0.14069605641605534,0.00828407094902639,5.0,0.0,1.0,0.0,1.0,0.0,1.0,0.0,1.0,0.0,0.0,0.0,0.0,0.0,0.0,0.0,0.0,0.0,0.0,0.0,0.295468872510155,0.1684041006934219,0.0035354949922252682,8.572537306408379e-05,0.054059782341937535,0.0026313983398722485,0.0006665260739797912,7.003350813950752e-06
sumo_suburban_cruise,adaptive_rule_9knob_hand,2,-0.4144956381165832,0.3708455488887079,0.049063349548018005,0.015588253822319063,17.0,11.0,0.034927690996443495,0.0030500137342726365,0.029176206828357587,0.0025463231143576254,0.0202962894338332,0.011003740939632032,54.375,6.041666666666664,92.91666666666666,4.583333333333336,0.04051450459669098,0.025852395375036863,1.5,1.5,0.00625,0.00625,0.13992817695010012,0.008647112077285052,5.0,0.0,1.0,0.0,1.0,0.0,1.0,0.0,1.0,0.0,0.0,0.0,0.0,0.0,0.0,0.0,0.0,0.0,0.0,0.0,0.2731870968635741,0.18796146054812718,0.003073506019317296,9.593817824650876e-05,0.0,0.0,0.0,0.0
sumo_suburban_cruise,adaptive_rule_calibration,2,-0.42231429324836267,0.34393807062031234,0.06909189119590509,0.010575725366379945,34.0,14.0,0.03891511221409394,0.0021806354227918746,0.032409793647218646,0.0018191621860959694,0.02602677611674007,0.004092585181419283,50.0,1.6666666666666643,85.83333333333334,5.833333333333335,0.048144710781051814,0.016634904539715223,0.0,0.0,1.2300265253708694e-06,1.2300265253708694e-06,0.1412342982299028,0.007236684257939205,5.0,0.0,1.0,0.0,1.0,0.0,1.0,0.0,1.0,0.0,0.0,0.0,0.0,0.0,0.0,0.0,0.0,0.0,0.0,0.0,0.2114256422988478,0.12177141699149907,0.0030798186727939176,0.00014629603171994565,0.0,0.0,0.0,0.0
sumo_suburban_cruise,conservative_soc_ref_rule,2,-0.4515981723171902,0.35541888443203873,0.07672087686835305,0.009527970560317664,40.0,10.0,0.04032286892708216,0.0018233902338415583,0.0337096798735399,0.0013271899822321596,0.027562411194433353,0.004435252546591129,48.958333333333336,0.625,83.33333333333334,4.166666666666664,0.05099114205007199,0.016797018980803713,0.0,0.0,9.659377919746048e-08,9.659377919746048e-08,0.14135118796271595,0.007208255772149744,5.0,0.0,1.0,0.0,1.0,0.0,1.0,0.0,1.0,0.0,0.0,0.0,0.0,0.0,0.0,0.0,0.0,0.0,0.0,0.0,0.15305872505608145,0.14343807129900008,0.002608951670005931,0.0005724761603308436,0.0,0.0,0.0,0.0
sumo_suburban_cruise,fixed_retuned_calibration,2,-0.46261588245290014,0.3707571501171005,0.07636765175857126,0.004358877847166764,42.0,7.0,0.04041167552817017,0.0009175974708885357,0.033913208837933154,0.0005174604763480903,0.027582231193370332,0.00547331834161628,48.95833333333333,1.4583333333333321,82.5,2.9166666666666714,0.051431413462408815,0.01779363801404793,0.0,0.0,1.4061479092403052e-06,1.4061479092403052e-06,0.1413327895713316,0.007279584970413561,5.0,0.0,1.0,0.0,1.0,0.0,1.0,0.0,1.0,0.0,0.0,0.0,0.0,0.0,0.0,0.0,0.0,0.0,0.0,0.0,0.9979166666666667,0.0,0.003985416666666668,0.0,0.0,0.0,0.0,0.0
sumo_suburban_cruise,global_static_tuned,2,-0.9225649495383108,0.884510942977132,0.11290994564823584,0.09683090454297966,50.0,50.0,0.04168731529297355,0.014501184045909547,0.03597731569435278,0.012683820139778933,0.03038641136078566,0.01794870677016193,51.666666666666664,17.916666666666664,79.16666666666667,20.833333333333332,0.04752043559142116,0.043903316353761324,0.0,0.0,0.0,0.0,0.13989658376390163,0.010297418159892019,4.0,1.0,1.0,0.0,1.0,0.0,1.0,0.0,1.0,0.0,0.0,0.0,0.0,0.0,0.0,0.0,0.0,0.0,0.0,0.0,0.9747204306047699,0.1278896399965343,0.001954067161240733,0.001076188530542823,0.7987685203552246,0.0,0.004268395304679872,0.0
sumo_suburban_cruise,map_rule_zero_offset,2,-0.4127945760230897,0.37096709749254736,0.04471568021830674,0.01702763620530649,14.0,10.0,0.034089372052600556,0.003285880637800614,0.028358425466748452,0.0028413102040272236,0.018112333931246307,0.012632185352572711,53.333333333333336,5.0,94.16666666666666,4.166666666666664,0.039755171259805155,0.02649664781206068,1.0,1.0,0.004204885883412923,0.004204885883412923,0.14031077938447395,0.008153430296318334,5.0,0.0,1.0,0.0,1.0,0.0,1.0,0.0,1.0,0.0,0.0,0.0,0.0,0.0,0.0,0.0,0.0,0.0,0.0,0.0,0.0,0.0,0.0,0.0,0.0,0.0,0.0,0.0
sumo_suburban_cruise,per_task_static_oracle,2,-0.039029522048444835,0.0025434062718924025,0.002088624990128704,0.002088624990128704,0.0,0.0,0.018801318258940648,0.004480678548701905,0.016036738991592026,0.0036353117002476338,0.00462188311890299,0.0011694174830951002,86.25,13.75,100.0,0.0,0.01387598162561493,0.013645061275725123,0.0,0.0,0.0,0.0,0.14244157776644015,0.008711045106604198,5.0,0.0,1.0,0.0,1.0,0.0,1.0,0.0,1.0,0.0,0.0,0.0,0.0,0.0,0.0,0.0,0.0,0.0,0.0,0.0,0.5492474454338132,0.07384087518086813,0.007318316269652958,0.0029273558538121408,0.46684421971440315,0.39118192717432976,0.006739508509635926,0.0030670171976089474
sumo_suburban_cruise,v3_meta_rl,10,-0.5697689258278469,0.5187120877737685,0.06450171275714495,0.042366261636969715,27.4,26.333248945012464,0.036829970799332486,0.007522604872778704,0.03041155105496824,0.0061512205823539305,0.023605240316693216,0.00976007794851057,53.79166666666667,10.135282844268989,88.58333333333333,10.97218706042186,0.04425693310191664,0.021365662187387814,0.5,1.2041594578792296,0.002413499858708135,0.005981547693448689,0.14073336266741052,0.008734043166720133,4.8,0.6,0.7620813449966913,0.07386823471013601,0.1000814137929851,0.17204435935306261,0.2927613965341411,0.32318366463978127,0.8082329909909809,0.04971897600271892,0.009166666666666667,0.026140645235596865,0.07499999999999998,0.061010017392410416,0.0,0.0,0.0,0.0,0.0,0.0,0.4326620893438566,0.11366625308620096,0.004320270543561779,0.0014159658804739864,0.3834936296555194,0.08915458435228506,0.003220652478446331,0.0014172049666503542
sumo_suburban_cruise,v3_meta_rl_floor085,10,-0.5182290208208604,0.4895587299902266,0.06651997711920234,0.046450672941489496,30.8,24.88292587297563,0.03712390631803692,0.007499737790994114,0.030613962253587736,0.006271418541008818,0.02419567413941027,0.009260999103942217,53.458333333333336,9.965304394079823,87.16666666666667,10.367885780406512,0.03988574501610888,0.023930270349680136,0.3,0.6403124237432849,0.0016034601806427253,0.003639628016491389,0.14100551302382705,0.00876835493236558,4.8,0.6,0.749488857182683,0.07226763975961466,0.09963430854132611,0.17117587413684338,0.25087907160443373,0.3181062567780968,0.8607491808215595,0.018063020177941834,0.00125,0.002667968432263687,0.08541666666666667,0.07649550640397121,0.0,0.0,0.0,0.0,0.0,0.0,0.423279251251078,0.10464663516759902,0.004556330414780671,0.0015668379365536133,0.38121114074686674,0.07889788182425597,0.0032505926442827336,0.00149948658900676
sumo_suburban_cruise,v3_meta_rl_ungated,10,-0.5276748948554761,0.5235381053896409,0.06487262039965633,0.05568689586522289,27.2,29.030328968167066,0.03673691756428402,0.008315959961694012,0.030305685223856398,0.0070099681848920245,0.023752731382677077,0.01053278819282428,52.166666666666664,10.2787537074189,88.66666666666666,12.095970403402942,0.037146689309313884,0.027906309026380402,0.7,1.4177446878757824,0.0029771135566005833,0.006049050110971158,0.14074907313114354,0.009221974348284378,4.8,0.6,1.0,0.0,1.0,0.0,1.0,0.0,1.0,0.0,0.0,0.0,0.0,0.0,0.0,0.0,0.0,0.0,0.0,0.0,0.47219020410673956,0.11928382408035441,0.004905802193243762,0.0019014432900310695,0.383977424879898,0.07439373320136966,0.003343231695063878,0.0016024011109556195
sumo_urban_stop_go,adaptive_rule_9knob_fitted,2,-0.025668108302974887,0.024847412888365734,0.2798178709750244,0.22885289240665418,76.0,63.0,0.056624513601628526,0.02171509223986254,0.04640547522098815,0.018411755599280495,-0.04431753293541715,0.0204946659053683,42.5,13.75,68.33333333333333,26.249999999999996,0.013440788701992334,0.011214929693206643,0.0,0.0,0.0,0.0,0.04696027406794115,0.004201312507924979,2.5,0.5,1.0,0.0,1.0,0.0,1.0,0.0,1.0,0.0,0.0,0.0,0.0,0.0,0.0,0.0,0.0,0.0,0.0,0.0,1.6813761253317347,0.4787974049054491,0.006771227047106537,0.001660791995812476,0.040878519748124134,0.0062353682854639665,0.000976856805209536,0.00021062217526681093
sumo_urban_stop_go,adaptive_rule_9knob_hand,2,-0.029720131668357724,0.028963699945033585,0.2824637481139967,0.2326757339648014,77.5,64.5,0.05682627228577502,0.022053125371165612,0.04679861517191378,0.01894547396291105,-0.04391844625646793,0.021820881583718647,40.625,13.541666666666666,67.70833333333333,26.874999999999996,0.014859350629083223,0.013395028307378543,0.0,0.0,0.0,0.0,0.04698755287604814,0.004315329136426911,2.5,0.5,1.0,0.0,1.0,0.0,1.0,0.0,1.0,0.0,0.0,0.0,0.0,0.0,0.0,0.0,0.0,0.0,0.0,0.0,1.7430051165144609,0.49339113047684113,0.005871701246894047,0.0015161186087950633,0.0,0.0,0.0,0.0
sumo_urban_stop_go,adaptive_rule_calibration,2,-0.023617496585156408,0.023134964092705008,0.286859853226101,0.23598883145196553,78.0,65.0,0.05719502469714211,0.02228139893029308,0.04750630968344642,0.01921954604039092,-0.045669575226518336,0.021033878145626805,41.041666666666664,15.208333333333334,67.5,27.083333333333332,0.01169034797545776,0.011183142796658774,0.0,0.0,0.0,0.0,0.046920120367051406,0.004268838808164727,2.5,0.5,1.0,0.0,1.0,0.0,1.0,0.0,1.0,0.0,0.0,0.0,0.0,0.0,0.0,0.0,0.0,0.0,0.0,0.0,1.7379120302578102,0.49658641016704896,0.005978349034365636,0.0015190117919601583,0.0,0.0,0.0,0.0
sumo_urban_stop_go,conservative_soc_ref_rule,2,-0.02589695339632806,0.025241863094701743,0.2867345910811818,0.23597009784497414,78.0,65.0,0.05713750568985474,0.022287239335674135,0.04726993891733687,0.019271908213195122,-0.045198627235862904,0.021257026564554738,41.25,15.0,67.5,27.083333333333332,0.013588138079782708,0.011288239867558503,0.0,0.0,0.0,0.0,0.04693655480674129,0.004275204868336307,2.5,0.5,1.0,0.0,1.0,0.0,1.0,0.0,1.0,0.0,0.0,0.0,0.0,0.0,0.0,0.0,0.0,0.0,0.0,0.0,1.7681330731197886,0.48992962878241164,0.007368577135416568,0.0010292203389758487,0.0,0.0,0.0,0.0
sumo_urban_stop_go,fixed_retuned_calibration,2,-0.03361493516533476,0.02574015428067897,0.2901156968325901,0.23808738275398036,80.0,65.0,0.05761183775549649,0.0222768650466812,0.047939971855633354,0.019478838780528387,-0.04526101916840426,0.02213833842063262,38.75,14.166666666666666,66.66666666666667,27.083333333333332,0.015096121452529254,0.013282519680101301,0.0,0.0,0.0,0.0,0.04690670546437792,0.00424912725063855,2.0,1.0,1.0,0.0,1.0,0.0,1.0,0.0,1.0,0.0,0.0,0.0,0.0,0.0,0.0,0.0,0.0,0.0,0.0,0.0,0.9979166666666667,0.0,0.003985416666666668,0.0,0.0,0.0,0.0,0.0
sumo_urban_stop_go,global_static_tuned,2,-0.09302009648151749,0.07929392096858379,0.28125684496564307,0.22986097363257296,77.0,64.0,0.057298337618910525,0.021216605553304416,0.047777976233574146,0.01737469788182421,-0.041032368767112415,0.023706368965195804,39.166666666666664,10.833333333333334,67.91666666666666,26.666666666666664,0.025750443950034174,0.015059940616007295,0.0,0.0,0.0,0.0,0.047433312539180685,0.0044297074718927035,2.0,1.0,1.0,0.0,1.0,0.0,1.0,0.0,1.0,0.0,0.0,0.0,0.0,0.0,0.0,0.0,0.0,0.0,0.0,0.0,2.177345337355586,0.3194398425416505,0.009349384097826017,0.0021609055844880294,0.7987685203552246,0.0,0.004268395304679872,0.0
sumo_urban_stop_go,map_rule_zero_offset,2,-0.029942792423545066,0.022108983926588183,0.29259573579026005,0.23968326900148268,81.0,66.0,0.05786441559757913,0.022374112577358,0.04841218955956173,0.019714354837989573,-0.04628758769164194,0.021838956705909362,39.166666666666664,15.833333333333334,66.25,27.5,0.013438907639164777,0.011900313259307516,0.0,0.0,0.0,0.0,0.04682776006435721,0.004239106922655944,2.0,1.0,1.0,0.0,1.0,0.0,1.0,0.0,1.0,0.0,0.0,0.0,0.0,0.0,0.0,0.0,0.0,0.0,0.0,0.0,0.0,0.0,0.0,0.0,0.0,0.0,0.0,0.0
sumo_urban_stop_go,per_task_static_oracle,2,-0.013297848033119817,0.011993945825689765,0.27182285538960593,0.21272404372296272,75.0,58.0,0.05786636907835738,0.018541249954971164,0.04828150256763837,0.013161767376735023,-0.04806762520845301,0.013063314736747697,34.375,1.0416666666666643,68.75,24.166666666666668,7.381859902344523e-06,4.749341659837647e-06,0.0,0.0,0.0,0.0,0.04714842875709037,0.00387194608859771,2.5,0.5,1.0,0.0,1.0,0.0,1.0,0.0,1.0,0.0,0.0,0.0,0.0,0.0,0.0,0.0,0.0,0.0,0.0,0.0,1.790989237877346,0.1556664993247433,0.006732753536067754,0.0023908626356108523,0.10939806327223778,0.010121729224920273,0.006153324544429779,0.003846675455570221
sumo_urban_stop_go,v3_meta_rl,10,-0.2222245033659475,0.3952137972525691,0.28964483681028785,0.23340276047868314,79.8,64.00593722460441,0.058161236705026396,0.021383823628869786,0.04885229118900647,0.01811466455961724,-0.046837449216448244,0.0202656304615988,37.125,12.282058391545503,66.75000000000001,26.66914051025184,0.022629449048497646,0.0213206566013278,0.0,0.0,0.0,0.0,0.046689030119741015,0.004186189051438034,2.5,0.5,0.6618231538741747,0.23337460941416727,0.03270719692123257,0.06169328557090298,0.3244881427347829,0.32472482009225734,0.7469200520827,0.16018775592148746,0.0,0.0,0.32208333333333333,0.2587835458662531,0.0,0.0,0.0,0.0,0.0,0.0,1.67014667485699,0.4955062182598462,0.005481731227653571,0.001628500377487122,0.3540797151067333,0.08081069142817364,0.003963729692967415,0.0015545808965564346
sumo_urban_stop_go,v3_meta_rl_floor085,10,-0.21570443485039553,0.39286109731084257,0.28995315714093817,0.23435968186848943,80.1,64.52201174792987,0.058158356612604066,0.02147934024786756,0.04885277901295125,0.018195384499901195,-0.04678845295173025,0.0204022100469326,37.16666666666667,12.378296418418094,66.625,26.884171561637448,0.022554703763212947,0.021124735841377192,0.0,0.0,0.0,0.0,0.04675349905787242,0.004137073144370578,2.4,0.66332495807108,0.6612368355034344,0.23396695475213186,0.032707196926553675,0.06169328558428387,0.32352479709575077,0.32380558073630195,0.7615895435881193,0.15317289944294551,0.0,0.0,0.32375,0.26147982979359785,0.0,0.0,0.0,0.0,0.0,0.0,1.6471688737330428,0.48918658820502897,0.005489117909877517,0.0016556037004048446,0.3514304781002769,0.07773407217667923,0.003936610938205074,0.0015235671218768445
sumo_urban_stop_go,v3_meta_rl_ungated,10,-0.24653637529647227,0.44186174215061946,0.29405412435254136,0.237876079436134,80.9,64.32643313599783,0.05845009928256313,0.021697278553478867,0.04915010195933904,0.018438570216891017,-0.0470800020072035,0.02064582655056306,37.33333333333333,12.741009902410928,66.29166666666666,26.80268047333243,0.023394739578747343,0.022624082966121086,0.0,0.0,0.0,0.0,0.04653184672916223,0.004036322599026754,2.3,0.6403124237432849,1.0,0.0,1.0,0.0,1.0,0.0,1.0,0.0,0.0,0.0,0.0,0.0,0.0,0.0,0.0,0.0,0.0,0.0,1.5699469597751081,0.4453368772013774,0.004417442088386763,0.001521476523522292,0.3635064616197875,0.08107823305932274,0.0038112761183389616,0.0014660031783740558
sumo_weather,adaptive_rule_9knob_fitted,30,-0.999173486252494,1.4089009723005448,0.338506105914646,0.21227291651784289,88.53333333333333,44.86627042915671,0.062150481369328374,0.019619259833163726,0.051719311552863675,0.017438415799834094,-0.04801136409334683,0.022147389929378054,38.29166666666667,18.483397830766137,63.11111111111111,18.694279345481963,0.05107535814821061,0.04415134751633274,0.0,0.0,9.518303316536456e-06,5.125763204384373e-05,0.06116624271834075,0.045270249724581615,2.066666666666667,1.6519348924485158,1.0,0.0,1.0,0.0,1.0,0.0,1.0,0.0,0.0,0.0,0.0,0.0,0.0,0.0,0.0,0.0,0.0,0.0,1.7820855494166048,0.5212323990455835,0.007276698072685154,0.001957212715867653,0.04419148254022124,0.010231527451020529,0.0011415893850079454,0.0005006281117608918
sumo_weather,adaptive_rule_9knob_hand,30,-0.9902071439794641,1.3855198137326377,0.33871311708851365,0.2171173762810808,88.5,46.2239115610092,0.062165914413078484,0.01995083571927305,0.05202261783096487,0.01780498052411968,-0.04793752788577003,0.023127724836891232,37.47222222222222,18.733923148748367,63.125,19.2599631504205,0.05195663533383069,0.043151572039829215,0.0,0.0,2.37474568777927e-07,1.278839690372335e-06,0.06098737458674026,0.04510006180793495,2.1,1.6802777548171413,1.0,0.0,1.0,0.0,1.0,0.0,1.0,0.0,0.0,0.0,0.0,0.0,0.0,0.0,0.0,0.0,0.0,0.0,1.8416666511350681,0.5629917397391507,0.006268015117706418,0.0015947762233374184,0.0,0.0,0.0,0.0
sumo_weather,adaptive_rule_calibration,30,-0.9580889452920504,1.373964341748732,0.3464117132929708,0.2185916576387784,90.33333333333333,46.65714188512718,0.0627006576710989,0.02009715847754382,0.05249481103323906,0.018012753963835896,-0.049231987681397325,0.02259330979984913,36.958333333333336,19.581308997026657,62.3611111111111,19.440475785469655,0.05249279741108799,0.042408658186449275,0.0,0.0,3.7518962744268058e-06,2.0204579777062292e-05,0.0608342780325329,0.045090174909899035,2.1333333333333333,1.6679994670929073,1.0,0.0,1.0,0.0,1.0,0.0,1.0,0.0,0.0,0.0,0.0,0.0,0.0,0.0,0.0,0.0,0.0,0.0,1.8225617172262416,0.5405304851316679,0.0063164590389358476,0.0015928395763447677,0.0,0.0,0.0,0.0
sumo_weather,conservative_soc_ref_rule,30,-0.9481101072934507,1.3683407087021469,0.3450602453536513,0.2187600826486206,89.9,46.92216960030728,0.06255765507278883,0.020123193495188305,0.05229865502497565,0.018029101593334606,-0.048792586785375916,0.022925677456877964,37.152777777777764,19.18751382353626,62.54166666666666,19.550904000128032,0.052163272880434604,0.042230792439895234,0.0,0.0,3.5005867542171682e-06,1.88512365931315e-05,0.06086606450005017,0.04513188502840649,2.1333333333333333,1.6679994670929073,1.0,0.0,1.0,0.0,1.0,0.0,1.0,0.0,0.0,0.0,0.0,0.0,0.0,0.0,0.0,0.0,0.0,0.0,1.8403474079120115,0.5922371169342314,0.007555446766427011,0.001592072884379176,0.0,0.0,0.0,0.0
sumo_weather,fixed_retuned_calibration,30,-1.1156048911419967,1.4742588425605345,0.3619707653327551,0.21238472468023176,94.06666666666666,43.900594782100875,0.06430335237395109,0.019048896573324595,0.053785242243782665,0.017351899394699524,-0.05086072368262525,0.021887517628909732,35.513888888888886,18.86988934163187,60.80555555555556,18.29191449254203,0.0558298913589256,0.044747702290691097,0.0,0.0,8.30962080543734e-06,4.474867752207384e-05,0.06067147111906394,0.04488281170867283,2.1,1.6196707484341788,1.0,0.0,1.0,0.0,1.0,0.0,1.0,0.0,0.0,0.0,0.0,0.0,0.0,0.0,0.0,0.0,0.0,0.0,0.9979166666666663,3.3306690738754696e-16,0.003985416666666669,8.673617379884035e-19,0.0,0.0,0.0,0.0
sumo_weather,global_static_tuned,30,-0.9623877071538165,1.3854981036888876,0.3366675156394832,0.2185528878899817,87.26666666666667,46.835124520907264,0.061983547781034244,0.01994745379200246,0.05179016832724834,0.01763082267676272,-0.044173190442516254,0.02776782591711176,37.652777777777786,18.43672968677498,63.638888888888886,19.51463521704469,0.05283833563079668,0.042741886284995805,0.0,0.0,0.0,0.0,0.06073207977572811,0.045024617759837446,1.9333333333333333,1.5260697523012796,1.0,0.0,1.0,0.0,1.0,0.0,1.0,0.0,0.0,0.0,0.0,0.0,0.0,0.0,0.0,0.0,0.0,0.0,2.22031108826419,0.4877885954038638,0.009494476346064503,0.0028759698444002285,0.7987685203552246,0.0,0.004268395304679872,0.0
sumo_weather,map_rule_zero_offset,30,-1.192811000169122,1.480185713938228,0.3829506673858784,0.20280455172317632,100.6,40.613298314714605,0.06637645027738766,0.01787181267053932,0.05568596744024452,0.016404375612339536,-0.05362551293729345,0.019935347060005534,33.65277777777778,18.580930130275313,58.083333333333336,16.922207631131084,0.05953283150336354,0.04449894339062651,0.0,0.0,1.0001405376532524e-05,5.385921625558877e-05,0.06033070787899006,0.04469099977185445,2.0,1.5275252316519468,1.0,0.0,1.0,0.0,1.0,0.0,1.0,0.0,0.0,0.0,0.0,0.0,0.0,0.0,0.0,0.0,0.0,0.0,0.0,0.0,0.0,0.0,0.0,0.0,0.0,0.0
sumo_weather,per_task_static_oracle,30,-0.7142956586939746,1.3097494611255667,0.31505890884425286,0.2170426515271284,82.36666666666666,46.78709461189295,0.05935383575634804,0.02099402861126284,0.048561003704102185,0.018975420451949204,-0.04438404266851134,0.02304195239751468,42.416666666666664,21.685728794147856,65.68055555555556,19.494622754955397,0.035138544235482336,0.04563335970837333,0.0,0.0,0.0,0.0,0.06078202361071279,0.04516387830804609,1.9333333333333333,1.5902480589168748,1.0,0.0,1.0,0.0,1.0,0.0,1.0,0.0,0.0,0.0,0.0,0.0,0.0,0.0,0.0,0.0,0.0,0.0,1.6845273584931746,0.4970850276977014,0.0077411918122776745,0.003332666339173479,0.18747609176401359,0.21246060799708222,0.0032036378998309373,0.0029272740423869773
sumo_weather,v3_meta_rl,150,-1.5158674772474845,2.0922495031120842,0.35066430339607274,0.219948338323162,91.74666666666667,46.01292378838315,0.06309354942137105,0.02004836240528812,0.05284366290382792,0.018161934528118213,-0.04990863854793951,0.02228760029258279,36.833333333333336,20.066613602735302,61.77222222222221,19.172051578492976,0.05483265666869813,0.042764108740945765,0.0,0.0,2.583020302961679e-05,0.00031529780984671055,0.06100618097195698,0.04512008481093074,2.1066666666666665,1.6498350085858753,0.5899010198547846,0.14491549085942879,0.004958100505209332,0.021859156829577772,0.07936660075504029,0.18818811248065237,0.6631195308540485,0.13230409340899085,0.0,0.0,0.37080555555555555,0.1881854733409123,0.0,0.0,0.0,0.0,0.0,0.0,1.720292399758552,0.4816451013007053,0.005854858897429376,0.0017006728026627727,0.3727056344074097,0.0950498151788151,0.0041902247504164635,0.0015118023569820028
sumo_weather,v3_meta_rl_floor085,150,-1.5050837485325241,2.089629694964805,0.34616674863703745,0.21832869694402118,91.04,45.918315880847956,0.06277153538138455,0.019948806209267197,0.05256401329285791,0.018076084743823745,-0.049523988972532844,0.02220792340720052,37.00833333333333,20.05605974281607,62.06666666666667,19.132631617019978,0.054835896180717304,0.04246705787948729,0.0,0.0,2.597348356434241e-05,0.00031115719700647407,0.06127230846465281,0.04518938159012354,2.0933333333333333,1.6465991889008351,0.5929667971681483,0.14475443422521256,0.005238576314751423,0.022062701966783275,0.08188918933911529,0.19055082047113697,0.6979420741151436,0.12791276362138668,0.0,0.0,0.36913888888888896,0.18769255339188454,0.0,0.0,0.0,0.0,0.0,0.0,1.6954054015738877,0.4797164071118083,0.0058432382132508716,0.001717836119848771,0.3728364805498859,0.09551239154194754,0.0041656839162369985,0.0014920560326775992
sumo_weather,v3_meta_rl_ungated,150,-1.5240672943035036,2.086526026305984,0.3526795689799678,0.22091251701152229,92.16666666666667,46.28238205720281,0.0632716604573197,0.02005650250420188,0.05303960627754505,0.01821044784060543,-0.05016844455568973,0.022237719011884614,36.58333333333333,19.944425100578673,61.59722222222223,19.284325857167836,0.05572710065245789,0.04223776942098947,0.006666666666666667,0.08137703743822468,2.828265464296845e-05,0.00033908563414635845,0.06122819179094549,0.04520150591110616,2.1,1.6278820596099706,1.0,0.0,1.0,0.0,1.0,0.0,1.0,0.0,0.0,0.0,0.0,0.0,0.0,0.0,0.0,0.0,0.0,0.0,1.6014913108550173,0.44824164883802053,0.004409426704343916,0.001921125198141367,0.3757414213570155,0.107654669134767,0.004036314490838333,0.0014743028681816186
