ems_variant,controller_group,n,episode_reward_mean,episode_reward_std,SOC_tail_risk_mean,SOC_tail_risk_std,SOC_tail_violation_steps_mean,SOC_tail_violation_steps_std,SOC_RMSE_mean,SOC_RMSE_std,SOC_MAE_to_ref_mean,SOC_MAE_to_ref_std,mean_signed_SOC_error_mean,mean_signed_SOC_error_std,time_in_SOC_band_0p03_pct_mean,time_in_SOC_band_0p03_pct_std,time_in_SOC_band_0p06_pct_mean,time_in_SOC_band_0p06_pct_std,abs_final_SOC_error_mean,abs_final_SOC_error_std,constraint_violation_steps_mean,constraint_violation_steps_std,battery_limit_proximity_risk_mean,battery_limit_proximity_risk_std,SOC_corrected_fuel_kg_mean,SOC_corrected_fuel_kg_std,engine_switch_count_mean,engine_switch_count_std,confidence_mean_mean,confidence_mean_std,confidence_min_mean,confidence_min_std,confidence_p5_mean,confidence_p5_std,action_attenuation_ratio_mean_mean,action_attenuation_ratio_mean_std,fallback_activation_ratio_mean,fallback_activation_ratio_std,direction_suppression_ratio_mean,direction_suppression_ratio_std,safety_filter_checked_ratio_mean,safety_filter_checked_ratio_std,safety_filter_rejection_ratio_mean,safety_filter_rejection_ratio_std,residual_magnitude_mean_mean,residual_magnitude_mean_std,mean_abs_delta_P_eng_on_kw_mean,mean_abs_delta_P_eng_on_kw_std,mean_abs_delta_SOC_ref_mean,mean_abs_delta_SOC_ref_std,mean_abs_residual_delta_P_eng_on_kw_mean,mean_abs_residual_delta_P_eng_on_kw_std,mean_abs_residual_delta_SOC_ref_mean,mean_abs_residual_delta_SOC_ref_std
aggressive_engine_on,adaptive_rule_9knob_fitted,3,-0.7013489205307831,0.49770938438065754,0.06002686908906776,0.029284302283522485,29.0,21.64871050817269,0.03622998701013746,0.005859946014155079,0.029572473265403715,0.004853246745465837,-0.013074777023796896,0.022073373266002477,56.111111111111114,6.755770281675173,87.91666666666667,9.020296045071955,0.05622600487657573,0.029017144419772652,0.0,0.0,0.0,0.0,0.018017836848263677,0.007987369502368415,0.6666666666666666,0.9428090415820634,1.0,0.0,1.0,0.0,1.0,0.0,1.0,0.0,0.0,0.0,0.0,0.0,0.0,0.0,0.0,0.0,0.0,0.0,0.9680809054946934,0.5363296498620638,0.004585260192688327,0.0010365866603121757,0.064142221814513,0.02494230428648428,0.0004970921290320501,0.0002550651226046518
aggressive_engine_on,adaptive_rule_9knob_hand,3,-0.6999825182778174,0.4997022228418788,0.06238025702480058,0.02618328511637425,29.0,21.64871050817269,0.036805671184230775,0.005088633062869378,0.030044070812023326,0.004221739241538127,-0.012257028278654117,0.023227439149996785,55.69444444444445,6.183285913764463,87.91666666666667,9.020296045071955,0.055089096501789246,0.030618308335917964,0.0,0.0,0.0,0.0,0.01801128535385976,0.007978118240195807,0.6666666666666666,0.9428090415820634,1.0,0.0,1.0,0.0,1.0,0.0,1.0,0.0,0.0,0.0,0.0,0.0,0.0,0.0,0.0,0.0,0.0,0.0,0.9830776309422369,0.6134951253693942,0.004265836631847205,0.001098573538507671,0.0,0.0,0.0,0.0
aggressive_engine_on,adaptive_rule_calibration,3,-0.7005270980658486,0.4986752378790182,0.06107923451688144,0.02789114720576189,29.0,21.64871050817269,0.03649467035019039,0.005503786137998027,0.029784447802256014,0.004568149706218568,-0.012687856504143802,0.02261939272472313,55.833333333333336,6.3737743919909775,87.91666666666667,9.020296045071955,0.05568494641281174,0.02977905403412679,0.0,0.0,0.0,0.0,0.017993651041782584,0.007953217266915174,0.6666666666666666,0.9428090415820634,1.0,0.0,1.0,0.0,1.0,0.0,1.0,0.0,0.0,0.0,0.0,0.0,0.0,0.0,0.0,0.0,0.0,0.0,0.9393595859250484,0.575641772545477,0.0042531335504478775,0.0011163346757202123,0.0,0.0,0.0,0.0
aggressive_engine_on,global_static_tuned,3,-0.7002019529677685,0.5003137241616079,0.08223726097827573,0.010784551015232654,46.0,7.788880963698615,0.04125748914858701,0.002313650465806544,0.034628018720770225,0.0029098104383850952,-0.007121246874525931,0.030479592643457766,47.361111111111114,5.993180280664285,80.83333333333333,3.2453670682077598,0.054599060247635535,0.031308661221204,0.0,0.0,0.0,0.0,0.018220966018261068,0.008274220496634423,0.6666666666666666,0.9428090415820634,1.0,0.0,1.0,0.0,1.0,0.0,1.0,0.0,0.0,0.0,0.0,0.0,0.0,0.0,0.0,0.0,0.0,0.0,1.6379361393399685,0.535680048685747,0.0061069449620941635,0.003545885223657624,0.7987685203552246,0.0,0.004268395304679872,0.0
aggressive_engine_on,map_rule_zero_offset,3,-0.7006644837884277,0.49848468724744166,0.06074942151171634,0.028326723297457702,29.0,21.64871050817269,0.03641314276661411,0.005613238427704962,0.02971874358748147,0.0046563219797880195,-0.012807771452757008,0.022450163524294773,55.833333333333336,6.3737743919909775,87.91666666666667,9.020296045071955,0.055810311512230926,0.029602501985996628,0.0,0.0,0.0,0.0,0.017984967655534524,0.007940955760233312,0.6666666666666666,0.9428090415820634,1.0,0.0,1.0,0.0,1.0,0.0,1.0,0.0,0.0,0.0,0.0,0.0,0.0,0.0,0.0,0.0,0.0,0.0,0.0,0.0,0.0,0.0,0.0,0.0,0.0,0.0
aggressive_engine_on,per_task_static_oracle,3,-0.6996736363383551,0.499859032927602,0.06277450129461797,0.02566936141807541,29.0,21.64871050817269,0.03691036287077345,0.004949839473927761,0.030157996411490053,0.004070878771852704,-0.012213416506007388,0.02328899392559175,55.416666666666664,5.803495115493384,87.91666666666667,9.020296045071955,0.05442788962968551,0.03154983034531503,0.0,0.0,0.0,0.0,0.01818656181417652,0.008225634190438095,0.6666666666666666,0.9428090415820634,1.0,0.0,1.0,0.0,1.0,0.0,1.0,0.0,0.0,0.0,0.0,0.0,0.0,0.0,0.0,0.0,0.0,0.0,1.0632201867216722,0.4015535702636576,0.007202107752584644,0.003071108221559108,0.12165960669517517,0.17205266578129333,0.003191357056299846,0.004513260431394319
aggressive_engine_on,v3_meta_rl,15,-1.0190949722782983,0.71033841073567,0.06225304626158065,0.030181300791763184,31.866666666666667,19.592061884571738,0.03655231720491094,0.00660920538924216,0.030126794633243536,0.0052378781276098164,-0.013607201772100142,0.02229216696838935,56.13888888888891,9.964597828138537,86.72222222222223,8.163359118571561,0.05718725131922487,0.028719000653329795,0.0,0.0,0.0,0.0,0.018092884022909903,0.008099886523627337,0.6666666666666666,0.9428090415820635,0.7804610197327805,0.06729492720135556,0.21857296169781126,0.2828346585073935,0.5200136079664762,0.16045049271783915,0.792747926582717,0.07599573941190368,0.0,0.0,0.12472222222222219,0.08110159761559861,0.0,0.0,0.0,0.0,0.0,0.0,0.90570834805179,0.42147534363872835,0.0043733293253204195,0.001501316217569727,0.38588898696018276,0.14162224071322874,0.0035973187411792525,0.0013244895418803393
aggressive_engine_on,v3_meta_rl_floor085,15,-1.021250886601521,0.7073829351628874,0.06451653247868008,0.034532604804183145,32.93333333333333,21.380572697869642,0.03686987258932458,0.007494185872840852,0.030506581884489826,0.00634440075527773,-0.013448706989014524,0.02303923576518249,55.58333333333334,11.94392763739832,86.27777777777779,8.908571957445686,0.058554800906854165,0.02647878838792182,0.0,0.0,0.0,0.0,0.01818301799757459,0.0082305191473727,0.6666666666666666,0.9428090415820635,0.7793919213844492,0.07112017910028048,0.22467777564918753,0.2790134621633764,0.528958489042917,0.16540997816644337,0.8459277146232618,0.02648318285012317,0.0,0.0,0.12277777777777775,0.08367799097038305,0.0,0.0,0.0,0.0,0.0,0.0,0.8921403957810611,0.40318762501091093,0.004361809695665253,0.0016046559062861917,0.3896978344470779,0.1422538175797899,0.003572500011721988,0.0013302384639727407
aggressive_engine_on,v3_meta_rl_ungated,15,-1.02404105742569,0.7037294362455416,0.06617990494895964,0.038044975380769286,34.06666666666667,22.68175968090268,0.037036878102422593,0.007971330277242613,0.030700323728563725,0.006866189894807992,-0.013444161116551478,0.023384637552948794,55.19444444444446,12.781883398383687,85.80555555555557,9.450733200376114,0.05907872618787668,0.02582744857905283,0.0,0.0,0.0,0.0,0.018231138185515874,0.008300429121458995,0.6666666666666666,0.9428090415820635,1.0,0.0,1.0,0.0,1.0,0.0,1.0,0.0,0.0,0.0,0.0,0.0,0.0,0.0,0.0,0.0,0.0,0.0,0.8776522225929646,0.37968027615474076,0.0043517538318568055,0.0019107911507934906,0.39032076042365393,0.14508415767961533,0.003547632008681022,0.001334493519946662
conservative_engine_on,adaptive_rule_9knob_fitted,3,-2.1519098946788344,1.5251174595163866,0.31516865070268657,0.18085068230614612,104.0,54.57105459856901,0.061932007562047364,0.017447135498674115,0.05611000192648119,0.017792577093195143,-0.035863712025677764,0.04638815005347717,24.166666666666668,19.445436482630054,56.666666666666664,22.737939416070418,0.07982761818590138,0.05215152958178103,0.0,0.0,0.0,0.0,0.024610779871922072,0.008176049040578283,0.6666666666666666,0.9428090415820634,1.0,0.0,1.0,0.0,1.0,0.0,1.0,0.0,0.0,0.0,0.0,0.0,0.0,0.0,0.0,0.0,0.0,0.0,1.7016217549761972,1.1016268022951192,0.0073447323881906225,0.0023596596371828816,0.057008369801059826,0.04006311265709975,0.0007132168119359347,0.00024288892969048315
conservative_engine_on,adaptive_rule_9knob_hand,3,-2.151381542989235,1.5258705538817954,0.323806612778043,0.1688064843295309,111.33333333333333,44.22920101270452,0.06374676343568736,0.014895556401283538,0.058099690862346655,0.014989994644820521,-0.03372865708516968,0.04940616985461142,20.97222222222222,14.927809825049337,53.61111111111111,18.428833755293546,0.07857403160860055,0.05392204938587229,0.0,0.0,0.0,0.0,0.02463107611184689,0.008204711206509155,0.6666666666666666,0.9428090415820634,1.0,0.0,1.0,0.0,1.0,0.0,1.0,0.0,0.0,0.0,0.0,0.0,0.0,0.0,0.0,0.0,0.0,0.0,1.719415910940785,1.1883919543698098,0.006759910194263696,0.0024190790574022433,0.0,0.0,0.0,0.0
conservative_engine_on,adaptive_rule_calibration,3,-2.1511706814187352,1.525891735421446,0.3218582420501342,0.17152104105986624,110.0,46.10856753359401,0.06335884748330176,0.01544055886958223,0.057658655750795686,0.015610866464148498,-0.03417103693323012,0.04878082687887761,21.666666666666668,15.909902576697318,54.166666666666664,19.211903138997506,0.07798123386727984,0.05475934748596427,0.0,0.0,0.0,0.0,0.024613724293912505,0.008180207108754053,0.6666666666666666,0.9428090415820634,1.0,0.0,1.0,0.0,1.0,0.0,1.0,0.0,0.0,0.0,0.0,0.0,0.0,0.0,0.0,0.0,0.0,0.0,1.6692274536481768,1.1533785177687552,0.006736049945703954,0.0024528193767672317,0.0,0.0,0.0,0.0
conservative_engine_on,global_static_tuned,3,-2.161695736509651,1.5122639579941632,0.36477961999817493,0.1121834516438724,128.0,20.83266665599966,0.06897920788815248,0.00759496484052148,0.0636300994563398,0.007246120415946751,-0.028180224769007067,0.05724988213469993,12.638888888888888,3.1426968052735447,46.666666666666664,8.680277773333192,0.08629068893489689,0.04302635600616355,0.0,0.0,0.0,0.0,0.02485632433320162,0.008522823251057885,0.6666666666666666,0.9428090415820634,1.0,0.0,1.0,0.0,1.0,0.0,1.0,0.0,0.0,0.0,0.0,0.0,0.0,0.0,0.0,0.0,0.0,0.0,2.15343080410192,0.9365292584024831,0.008651325389991789,0.005700917027365025,0.7987685203552246,0.0,0.004268395304679872,0.0
conservative_engine_on,map_rule_zero_offset,3,-2.151160362114002,1.5259062802770358,0.32146838399921657,0.17206436457399585,109.66666666666667,46.578488120113505,0.06328052708902872,0.015550625760136055,0.057572110279682974,0.015732728186941672,-0.03426137659444028,0.0486531246655805,21.805555555555557,16.106321127026916,54.305555555555564,19.407703383380632,0.07788815975266865,0.054890813061369705,0.0,0.0,0.0,0.0,0.024606870933922692,0.008170528906891189,0.6666666666666666,0.9428090415820634,1.0,0.0,1.0,0.0,1.0,0.0,1.0,0.0,0.0,0.0,0.0,0.0,0.0,0.0,0.0,0.0,0.0,0.0,0.0,0.0,0.0,0.0,0.0,0.0,0.0,0.0
conservative_engine_on,per_task_static_oracle,3,-2.1553264998411015,1.520034267804079,0.30417288374661205,0.19621316518783177,95.0,67.27555276621665,0.05953927051878396,0.020816956300280964,0.05394115175797195,0.020850973691482512,-0.038941861086647815,0.04203736874910377,27.63888888888889,24.355900240869968,60.416666666666664,28.03148031925694,0.08314140323960795,0.04747209452068948,0.0,0.0,0.0,0.0,0.02485188182204801,0.008516548895423765,0.6666666666666666,0.9428090415820634,1.0,0.0,1.0,0.0,1.0,0.0,1.0,0.0,0.0,0.0,0.0,0.0,0.0,0.0,0.0,0.0,0.0,0.0,1.6957696572364636,1.1158445944150581,0.009090829136467306,0.0008782028682330786,0.0011810581975926955,0.0016702685209875128,0.002768139044443766,0.003914739779186874
conservative_engine_on,v3_meta_rl,15,-3.219985192734314,2.2813456013250804,0.3203631156518609,0.17444847731398072,107.8,51.098858434737394,0.06293897969973115,0.01638302776540768,0.05730303317094916,0.016487202414552943,-0.03476729569029841,0.04810610383547481,22.30555555555556,17.670378715540227,55.083333333333336,21.291191014473913,0.08015685318181141,0.05179344287556867,0.0,0.0,0.0,0.0,0.024757225026128097,0.00838504905662529,0.6666666666666666,0.9428090415820635,0.5841979115236646,0.11769303610007158,0.0038179590115960927,0.014285494538138653,0.05052912099244127,0.18906265880856213,0.6291510970911868,0.14071842949320934,0.0,0.0,0.4194444444444443,0.24266397027398973,0.0,0.0,0.0,0.0,0.0,0.0,1.5920484236179715,0.9184079837273706,0.0062285784958059495,0.0019033304300750701,0.39658171337958065,0.08815067614414697,0.003951895420200243,0.0019076759675313018
conservative_engine_on,v3_meta_rl_floor085,15,-3.231609738062832,2.2651972962546436,0.34225050412359226,0.15528728481724366,116.13333333333334,45.89824494344951,0.06539026697780986,0.014600988438051504,0.05984860862968739,0.01464516445944077,-0.03224747028864317,0.052127904217802314,18.944444444444446,15.898161629882765,51.611111111111114,19.124268726437297,0.0840427709729892,0.046722203877092534,0.0,0.0,0.0,0.0,0.02487271499800079,0.008551988778645703,0.6666666666666666,0.9428090415820635,0.5702253386664022,0.10698447570944063,0.0038179590115960927,0.014285494538138653,0.050649233896602114,0.18951208014366236,0.6589486514816395,0.12874816996788818,0.0,0.0,0.4355555555555554,0.22514844211687166,0.0,0.0,0.0,0.0,0.0,0.0,1.5775393610092878,0.8882634503608815,0.00633829431831959,0.0018206772645025246,0.40608312224794646,0.0844012360468981,0.003955873569396013,0.0018888059759055247
conservative_engine_on,v3_meta_rl_ungated,15,-3.2449679447612025,2.24721022822091,0.3466117314019702,0.15730351620842015,116.66666666666667,48.52307583911894,0.06543591048009607,0.015463634152436984,0.05992156375481883,0.015421946608667789,-0.032380100790760015,0.0522744928669678,19.444444444444446,17.62433783013187,51.38888888888889,20.21794826629956,0.08563288882432142,0.04454802168616668,0.0,0.0,0.0,0.0,0.02491054084006879,0.0086094627700227,0.6666666666666666,0.9428090415820635,1.0,0.0,1.0,0.0,1.0,0.0,1.0,0.0,0.0,0.0,0.0,0.0,0.0,0.0,0.0,0.0,0.0,0.0,1.4605456134742694,0.7674499006046435,0.005083373820865531,0.00243641359725733,0.418584206335557,0.10161798867564208,0.003851357678180244,0.0018660281033267884
high_soc_ref,adaptive_rule_9knob_fitted,3,-2.4605294370210404,1.7386050844634393,0.4050101059757412,0.260509249543174,112.0,76.40680597957227,0.06645448536103803,0.024231460793912966,0.06125054360557173,0.024648172323482116,-0.04483632674049535,0.04784039461158947,20.13888888888889,28.480689797791495,53.333333333333336,31.83616915815511,0.08877098347666845,0.05364387163139243,0.0,0.0,0.0,0.0,0.026301252504647654,0.00828286874391362,0.6666666666666666,0.9428090415820634,1.0,0.0,1.0,0.0,1.0,0.0,1.0,0.0,0.0,0.0,0.0,0.0,0.0,0.0,0.0,0.0,0.0,0.0,1.8421073508591619,1.1772030104328413,0.0077052038579522066,0.0028374277218567046,0.05506906225410704,0.03424646012115599,0.0007453988157471435,0.00015391621831919183
high_soc_ref,adaptive_rule_9knob_hand,3,-2.458245837558361,1.7418022486053848,0.4127340308161311,0.24965716110680744,119.66666666666667,65.57099629832962,0.06816391736239151,0.02182068442120653,0.06287710097331228,0.02235232514687353,-0.04265860636944497,0.05091880912145454,17.083333333333332,24.159481690540375,50.138888888888886,27.32124845763734,0.08586345111806093,0.05775086058775812,0.0,0.0,0.0,0.0,0.026319207803951878,0.008308225970381162,0.6666666666666666,0.9428090415820634,1.0,0.0,1.0,0.0,1.0,0.0,1.0,0.0,0.0,0.0,0.0,0.0,0.0,0.0,0.0,0.0,0.0,0.0,1.852947140316574,1.2626221350584985,0.007069691326313253,0.0028298472983565143,0.0,0.0,0.0,0.0
high_soc_ref,adaptive_rule_calibration,3,-2.4584360341066547,1.7412577216589877,0.4108040489996099,0.25236820339840216,117.66666666666667,68.39753081962989,0.06772979148320882,0.0224327859832482,0.06243490842171062,0.02297638130329705,-0.04318737259554867,0.050171332656219494,17.77777777777778,25.141574442188357,50.97222222222222,28.498971174845792,0.08654518177400734,0.05678782928448465,0.0,0.0,0.0,0.0,0.026296712591991542,0.008276457323303312,0.6666666666666666,0.9428090415820634,1.0,0.0,1.0,0.0,1.0,0.0,1.0,0.0,0.0,0.0,0.0,0.0,0.0,0.0,0.0,0.0,0.0,0.0,1.8062912347539168,1.227226798651368,0.007045483437114694,0.0028640822774651793,0.0,0.0,0.0,0.0
high_soc_ref,global_static_tuned,3,-2.463987596724405,1.7346344706684218,0.4430015268949805,0.2072035455776679,136.0,42.49705872175156,0.07324393092669233,0.014669516649357228,0.06834632093316051,0.01464290402659429,-0.03709510298435603,0.05878399021752039,8.61111111111111,12.177950120434984,43.333333333333336,17.707107800729812,0.09074111700289811,0.05086143905785768,0.0,0.0,0.0,0.0,0.0265404297087484,0.008620661921232111,0.6666666666666666,0.9428090415820634,1.0,0.0,1.0,0.0,1.0,0.0,1.0,0.0,0.0,0.0,0.0,0.0,0.0,0.0,0.0,0.0,0.0,0.0,2.2277337798354115,0.9743729073083842,0.009087871309201084,0.005904514348621891,0.7987685203552246,0.0,0.004268395304679872,0.0
high_soc_ref,map_rule_zero_offset,3,-2.4585478993891265,1.7410999267605354,0.4100359636222592,0.2534472413269639,117.0,69.33974329343886,0.06755851970264369,0.02267430035546084,0.06226691821802438,0.0232134803254376,-0.043400480035552864,0.04987008157393733,18.194444444444446,25.730830093177147,51.25,28.891559705599523,0.08676450408780141,0.056478016452361786,0.0,0.0,0.0,0.0,0.02628291706496044,0.008256974891805468,0.6666666666666666,0.9428090415820634,1.0,0.0,1.0,0.0,1.0,0.0,1.0,0.0,0.0,0.0,0.0,0.0,0.0,0.0,0.0,0.0,0.0,0.0,0.0,0.0,0.0,0.0,0.0,0.0,0.0,0.0
high_soc_ref,per_task_static_oracle,3,-2.461579573086608,1.7368235374976901,0.40099729335018247,0.26614953688240733,110.66666666666667,78.29147817965602,0.06557367661329155,0.02547414467539017,0.06047040468182994,0.025749601917157194,-0.04602218081140145,0.04616415286397482,21.25,30.05203820042827,53.88888888888889,32.621449241523344,0.08947923853867519,0.05264355258208611,0.0,0.0,0.0,0.0,0.026547599606580888,0.008630788613789733,0.6666666666666666,0.9428090415820634,1.0,0.0,1.0,0.0,1.0,0.0,1.0,0.0,0.0,0.0,0.0,0.0,0.0,0.0,0.0,0.0,0.0,0.0,1.8452452899748473,1.1721380164565043,0.009963586711456265,0.001262778420076632,0.019931120177110035,0.02818686046775706,0.00328305164972941,0.004642936169018696
high_soc_ref,v3_meta_rl,15,-3.6876261140568465,2.608958267587953,0.41214686310668774,0.25110975797321305,119.8,66.63652652012007,0.06796820985325133,0.022427178115109928,0.06287654461815524,0.0226676052893555,-0.04313825655934038,0.050479221204147676,17.305555555555554,25.27573251799021,50.08333333333334,27.765219383383364,0.08773698940009486,0.05525844152326774,0.0,0.0,0.0,0.0,0.026463802774389762,0.00851519828083242,0.6666666666666666,0.9428090415820635,0.5369547842085948,0.15575035360340214,0.0038179590115960927,0.014285494538138653,0.07758029288929673,0.20689448596768859,0.577195297209982,0.17328798941577406,0.0,0.0,0.47777777777777775,0.297425942644593,0.0,0.0,0.0,0.0,0.0,0.0,1.7548684455494936,1.0054977016742426,0.006512236676643331,0.0020698817626755442,0.4068211306933437,0.09035357960776566,0.004314473572884001,0.0021032607123618484
high_soc_ref,v3_meta_rl_floor085,15,-3.6923585336765243,2.602304348192976,0.42616009934837085,0.23581868921725394,125.53333333333333,62.131974234062625,0.06976751725555196,0.020884520753836365,0.0647669111364897,0.021002328720290495,-0.04131446220990325,0.053489188557009786,14.694444444444446,23.88749995962298,47.69444444444446,25.88832259752609,0.09046562159027101,0.05157951828447531,0.0,0.0,0.0,0.0,0.026557147477621033,0.008650281704541695,0.6666666666666666,0.9428090415820635,0.5278511123666386,0.14650362114091517,0.0038179590115960927,0.014285494538138653,0.09092579108217362,0.2331902923434482,0.6081950146374395,0.17277249318525226,0.0,0.0,0.4863888888888888,0.28718568432975666,0.0,0.0,0.0,0.0,0.0,0.0,1.7418735392810136,0.9791016068985963,0.006637768725685066,0.0019743140130903864,0.41504097008655666,0.08676318504280894,0.00430857680308529,0.0020736755890540244
high_soc_ref,v3_meta_rl_ungated,15,-3.7003823125229647,2.591085900864217,0.42927794902269184,0.23485105991670188,126.93333333333334,61.78291745206671,0.06979154621936691,0.02139131956177669,0.06487453728598841,0.021319826034956718,-0.04156408978890866,0.05346213559293874,15.055555555555555,24.90670865053167,47.11111111111112,25.742882271694462,0.09193639704543163,0.04960412977609462,0.0,0.0,0.0,0.0,0.026590754780022714,0.008701450605827476,0.6666666666666666,0.9428090415820635,1.0,0.0,1.0,0.0,1.0,0.0,1.0,0.0,0.0,0.0,0.0,0.0,0.0,0.0,0.0,0.0,0.0,0.0,1.5918664964045646,0.8389394236299202,0.0050296971047306864,0.002532046109574039,0.43236422788403517,0.10228920050744325,0.004184440619124668,0.0020451507791761693
long_min_timer,adaptive_rule_9knob_fitted,3,-1.7012707218270522,0.7317082955092453,0.34210012353847574,0.19267685057662232,126.0,49.6655480858378,0.06573261706992585,0.01356860160138419,0.05904074966480662,0.014768684828818384,-0.005830008669193476,0.06057256838811537,23.055555555555554,11.04668823619343,47.5,20.693978369099085,0.08425311237888711,0.017746513936293694,0.0,0.0,0.0,0.0,0.021743974982729865,0.008688517793013656,0.6666666666666666,0.9428090415820634,1.0,0.0,1.0,0.0,1.0,0.0,1.0,0.0,0.0,0.0,0.0,0.0,0.0,0.0,0.0,0.0,0.0,0.0,1.3550898937937579,0.8264724849615737,0.006581298583456921,0.0007185336817974247,0.0834906053237824,0.07334982185438997,0.0008615171822414898,0.0007004119886903022
long_min_timer,adaptive_rule_9knob_hand,3,-1.7245073640763946,0.7004203695967616,0.37192434171666316,0.234626101605387,127.0,51.07510809255979,0.06732028808191708,0.015797470762020604,0.06054399902594935,0.016885498774316034,-0.004326759308050747,0.06269788758838617,23.055555555555554,11.04668823619343,47.083333333333336,21.28129503856658,0.08661493021435092,0.014454634648056392,0.0,0.0,0.0,0.0,0.02176582962112922,0.00871938578089668,0.6666666666666666,0.9428090415820634,1.0,0.0,1.0,0.0,1.0,0.0,1.0,0.0,0.0,0.0,0.0,0.0,0.0,0.0,0.0,0.0,0.0,0.0,1.3536129675369464,0.9555484242105624,0.005773325167380991,0.0013611507449385572,0.0,0.0,0.0,0.0
long_min_timer,adaptive_rule_calibration,3,-1.724376808312554,0.7003324812752331,0.37192434171666316,0.234626101605387,127.0,51.07510809255979,0.06732028808191708,0.015797470762020604,0.06054399902594935,0.016885498774316034,-0.004326759308050747,0.06269788758838617,23.055555555555554,11.04668823619343,47.083333333333336,21.28129503856658,0.08661493021435092,0.014454634648056392,0.0,0.0,0.0,0.0,0.02176582962112922,0.00871938578089668,0.6666666666666666,0.9428090415820634,1.0,0.0,1.0,0.0,1.0,0.0,1.0,0.0,0.0,0.0,0.0,0.0,0.0,0.0,0.0,0.0,0.0,0.0,1.3049547837896711,0.9212211560808288,0.005773325167380991,0.0013611507449385572,0.0,0.0,0.0,0.0
long_min_timer,global_static_tuned,3,-1.728582182203949,0.6958246645165942,0.3759676458118731,0.24031936956109798,127.0,51.07510809255979,0.06753251401056154,0.016095752624059958,0.0607633059910194,0.01719450554731362,-0.004107452342980687,0.06300795082348769,23.055555555555554,11.04668823619343,47.083333333333336,21.28129503856658,0.08684086800903497,0.014140910302330972,0.0,0.0,0.0,0.0,0.02176868720247413,0.008723421914210647,0.6666666666666666,0.9428090415820634,1.0,0.0,1.0,0.0,1.0,0.0,1.0,0.0,0.0,0.0,0.0,0.0,0.0,0.0,0.0,0.0,0.0,0.0,1.912503596490927,0.7872743682888075,0.0074560978837946235,0.00499172283875976,0.7987685203552246,0.0,0.004268395304679872,0.0
long_min_timer,map_rule_zero_offset,3,-1.7257400195081545,0.6984973543994446,0.37361208922254135,0.23700242821111114,127.0,51.07510809255979,0.0674092148497669,0.01592244816266562,0.0606360358906946,0.01701517503254992,-0.004234722443305495,0.06282801216500475,23.055555555555554,11.04668823619343,47.083333333333336,21.28129503856658,0.08670960236868434,0.014323147077579135,0.0,0.0,0.0,0.0,0.021767053543469025,0.008721114484818483,0.6666666666666666,0.9428090415820634,1.0,0.0,1.0,0.0,1.0,0.0,1.0,0.0,0.0,0.0,0.0,0.0,0.0,0.0,0.0,0.0,0.0,0.0,0.0,0.0,0.0,0.0,0.0,0.0,0.0,0.0
long_min_timer,per_task_static_oracle,3,-1.4649974327450537,1.0555373744001875,0.1563176194955714,0.0746775634447514,67.33333333333333,33.717782977071444,0.04938866482553247,0.009821422496608582,0.04220053352681257,0.00923537143315199,-0.023009764789977998,0.036288503182499154,38.611111111111114,11.04668823619343,71.94444444444446,14.049076240446437,0.06634691717113061,0.0429469956437178,0.0,0.0,0.0,0.0,0.021814086448910405,0.008787545795493967,0.6666666666666666,0.9428090415820634,1.0,0.0,1.0,0.0,1.0,0.0,1.0,0.0,0.0,0.0,0.0,0.0,0.0,0.0,0.0,0.0,0.0,0.0,1.5800969506355431,0.5324127904493526,0.008369160900560878,0.002314047638911699,0.2906944751739502,0.41110406929792936,0.0029997847477595016,0.004242336274481441
long_min_timer,v3_meta_rl,15,-2.4670376439828043,1.17343566846119,0.32767876253990347,0.18046697034563564,122.0,44.8998886412873,0.0648112426303313,0.012670743988340706,0.05793255993777702,0.013609394514741911,-0.0070083381730893885,0.05900584910592679,24.05555555555555,9.72595166564533,49.16666666666666,18.708286933869704,0.08405384239561556,0.018290937385910498,0.0,0.0,0.0,0.0,0.02191228877149239,0.008928223249295096,0.6666666666666666,0.9428090415820635,0.5785602716251965,0.15444019803253903,0.06099387922597009,0.08168784904398763,0.13337713773099305,0.12102912486931992,0.6641507103056505,0.09340560582413553,0.0,0.0,0.4022222222222223,0.10735527151000855,0.0,0.0,0.0,0.0,0.0,0.0,1.2337130239471248,0.6910531649441971,0.005575411632673343,0.001573133323506219,0.4119630263575042,0.09482411028003827,0.003767910223263446,0.00136950047393851
long_min_timer,v3_meta_rl_floor085,15,-2.3391206921044936,1.3561838172649467,0.2812524403237052,0.13042377970158514,112.26666666666667,34.161316654302944,0.06194022010847403,0.009466974457303505,0.055046543990930126,0.010246626741227609,-0.009967554245265183,0.054924338490624766,24.749999999999996,8.739808880019018,53.222222222222214,14.233881939292894,0.08059329589319546,0.023585317861604768,0.0,0.0,0.0,0.0,0.021899832023878588,0.008910956196752275,0.6666666666666666,0.9428090415820635,0.6123182193849133,0.11785932135976955,0.06099387922597009,0.08168784904398763,0.13337713773099305,0.12102912486931992,0.729896935764746,0.037413128197170534,0.0,0.0,0.36027777777777786,0.06246974576386933,0.0,0.0,0.0,0.0,0.0,0.0,1.2163487473073118,0.662019353964404,0.005538054343430589,0.0016315943650903693,0.4035054352663185,0.08801115274032748,0.0037116258082419843,0.0013736780340802732
long_min_timer,v3_meta_rl_ungated,15,-2.330360610133258,1.3686283370298473,0.27452016259650064,0.12706638287423452,110.6,33.575387811113465,0.061451607947748274,0.009226981479256992,0.054555765430170794,0.0099470492272436,-0.010461368656253352,0.0542855676106364,25.05555555555555,8.387141098280697,53.91666666666666,13.989744921297282,0.07996701465048754,0.024692435261189586,0.0,0.0,0.0,0.0,0.021923875452210456,0.008946147138394978,0.6666666666666666,0.9428090415820635,1.0,0.0,1.0,0.0,1.0,0.0,1.0,0.0,0.0,0.0,0.0,0.0,0.0,0.0,0.0,0.0,0.0,0.0,1.1789196096000756,0.5641295117201519,0.0049107963058945305,0.002229883174569077,0.40358329984972247,0.09510924074467035,0.003595719416289486,0.0014491727192045781
low_soc_ref,adaptive_rule_9knob_fitted,3,-0.550042624757094,0.3488658979685575,0.16792654305706664,0.17293031024193167,61.666666666666664,62.845489540264985,0.046969054283134755,0.018697579592745085,0.04203449262278447,0.019727712155587225,0.010854464089818642,0.0417495039480278,41.52777777777778,29.119671133334943,74.30555555555556,26.185620641777078,0.05566597988001676,0.01577483573543944,0.0,0.0,0.0,0.0,0.016429051563795705,0.00802415073470189,0.6666666666666666,0.9428090415820634,1.0,0.0,1.0,0.0,1.0,0.0,1.0,0.0,0.0,0.0,0.0,0.0,0.0,0.0,0.0,0.0,0.0,0.0,0.7593919073275855,0.41706048835505294,0.004965523387393153,0.00044942904466035364,0.09782650109183223,0.055592996467112285,0.0007671437886892818,0.0006201957610773039
low_soc_ref,adaptive_rule_9knob_hand,3,-0.5814864466391475,0.30480406325516307,0.19806769645588596,0.21552219895742408,68.0,71.75421009715504,0.048790295385194186,0.02126441763265068,0.04391970482946255,0.022387691376999936,0.012739676296496716,0.0444140644277724,41.52777777777778,29.119671133334943,71.66666666666667,29.89758754048127,0.058131464237135035,0.012354562338173829,0.0,0.0,0.0,0.0,0.01643712602217007,0.008035552751619119,0.6666666666666666,0.9428090415820634,1.0,0.0,1.0,0.0,1.0,0.0,1.0,0.0,0.0,0.0,0.0,0.0,0.0,0.0,0.0,0.0,0.0,0.0,0.7403952493845148,0.5273314746018546,0.004271500515431903,0.0002897848454414489,0.0,0.0,0.0,0.0
low_soc_ref,adaptive_rule_calibration,3,-0.5813675575419736,0.3047188596951223,0.19806769645588596,0.21552219895742408,68.0,71.75421009715504,0.048790295385194186,0.02126441763265068,0.04391970482946255,0.022387691376999936,0.012739676296496716,0.0444140644277724,41.52777777777778,29.119671133334943,71.66666666666667,29.89758754048127,0.058131464237135035,0.012354562338173829,0.0,0.0,0.0,0.0,0.01643712602217007,0.008035552751619119,0.6666666666666666,0.9428090415820634,1.0,0.0,1.0,0.0,1.0,0.0,1.0,0.0,0.0,0.0,0.0,0.0,0.0,0.0,0.0,0.0,0.0,0.0,0.6931862695282268,0.494355927783009,0.004271500515431903,0.0002897848454414489,0.0,0.0,0.0,0.0
low_soc_ref,global_static_tuned,3,-0.7860274563476585,0.04134660700814938,0.30274122560959565,0.3634965305705165,84.66666666666667,95.24121423464155,0.054526004296357185,0.02935832233660381,0.049670647479851254,0.03050869752920142,0.01849061894688542,0.05254341186668374,41.52777777777778,29.119671133334943,64.72222222222223,39.68383926443398,0.06619410421311522,0.0027887190408537434,0.0,0.0,0.0,0.0,0.01665282077984666,0.00834015451225224,0.6666666666666666,0.9428090415820634,1.0,0.0,1.0,0.0,1.0,0.0,1.0,0.0,0.0,0.0,0.0,0.0,0.0,0.0,0.0,0.0,0.0,0.0,1.462769145605847,0.4721584362636729,0.004881461068809188,0.003268898017359033,0.7987685203552246,0.0,0.004268395304679872,0.0
low_soc_ref,map_rule_zero_offset,3,-0.5850205680189638,0.2995730278625749,0.2013140221924835,0.22011030835331472,68.66666666666667,72.69265590293301,0.04898021700976677,0.021532211986926505,0.04411480970501513,0.022663060682851816,0.012934781172049293,0.044689836254907495,41.52777777777778,29.119671133334943,71.3888888888889,30.288606626222087,0.05833249975433504,0.012077349116319986,0.0,0.0,0.0,0.0,0.01644226979044601,0.008042816339239563,0.6666666666666666,0.9428090415820634,1.0,0.0,1.0,0.0,1.0,0.0,1.0,0.0,0.0,0.0,0.0,0.0,0.0,0.0,0.0,0.0,0.0,0.0,0.0,0.0,0.0,0.0,0.0,0.0,0.0,0.0
low_soc_ref,per_task_static_oracle,3,-0.5365083237558518,0.36772958528535044,0.041016241472239555,0.01023918099206318,11.666666666666666,10.780641085864152,0.03294289358617852,0.0020430888588241374,0.02737290960421665,0.0017728476500920695,-0.005253580868226997,0.01899991653991014,60.833333333333336,2.4532669073132922,95.1388888888889,4.4919337857767285,0.051079834735471286,0.022192104449012942,0.0,0.0,0.0,0.0,0.01660288450420641,0.00826963219009521,0.6666666666666666,0.9428090415820634,1.0,0.0,1.0,0.0,1.0,0.0,1.0,0.0,0.0,0.0,0.0,0.0,0.0,0.0,0.0,0.0,0.0,0.0,0.9672630260372982,0.1210430974216479,0.006008886369102567,0.0022642699490344905,0.3066341479619344,0.433646170734486,0.0023916631937026984,0.0033823225251629068
low_soc_ref,v3_meta_rl,15,-0.7798280160047966,0.49601555097916356,0.15367706609787596,0.16281567846212336,57.86666666666667,59.06478552309226,0.04593761458359049,0.017655196420882282,0.04093659580676233,0.018614085458645648,0.009756567273796505,0.040396258767054195,42.888888888888886,27.347839420832756,75.8888888888889,24.61032730128844,0.05529061351396478,0.016691895533519435,0.0,0.0,0.0,0.0,0.01658382452629787,0.008245020511056408,0.6666666666666666,0.9428090415820635,0.705247148526809,0.1475808244711901,0.21449035854117873,0.28555960576871753,0.44235531555738233,0.34643366618670424,0.768443454028265,0.09683195299460856,0.0,0.0,0.1544444444444444,0.14921450712247275,0.0,0.0,0.0,0.0,0.0,0.0,0.7077062023691835,0.3725132173790144,0.004502472874492365,0.0014620252862869066,0.36104822508318146,0.14486831543904485,0.0031945894256075716,0.0012730794147414988
low_soc_ref,v3_meta_rl_floor085,15,-0.8373544387812673,0.4777503240788048,0.138333502098492,0.1977283819282332,50.733333333333334,58.588356825870754,0.04373309937403375,0.017665873480114905,0.03840556983146974,0.018357739823237167,0.007143458396106565,0.038178236063604154,47.61111111111111,22.337617057387053,78.86111111111111,24.41181534411281,0.05400418542589512,0.022238764279781473,0.0,0.0,0.0,0.0,0.016668567803030956,0.00837059602695845,0.6666666666666666,0.9428090415820635,0.7135188405289619,0.15944062495280445,0.21449035854117873,0.28555960576871753,0.4557251191316236,0.3322662532172443,0.8279740071367739,0.07623978992313833,0.0,0.0,0.1422222222222222,0.16927040242110397,0.0,0.0,0.0,0.0,0.0,0.0,0.7146190992358943,0.34142746638661037,0.00454300413511699,0.0016499917299818794,0.367039185604598,0.137846886725935,0.0031863785298369804,0.0013836786511610595
low_soc_ref,v3_meta_rl_ungated,15,-0.8435343927659544,0.47432191227130266,0.1321552965182953,0.20763005042565938,44.733333333333334,59.937152269875334,0.04203728547715233,0.018488020513276384,0.03669492672341173,0.019102261329278947,0.004926591519234021,0.03692115739022782,50.694444444444436,22.335648028197124,81.36111111111111,24.973813445781396,0.055858657558290205,0.01915360172807936,0.0,0.0,0.0,0.0,0.01665945333542688,0.008367715725955916,0.6666666666666666,0.9428090415820635,1.0,0.0,1.0,0.0,1.0,0.0,1.0,0.0,0.0,0.0,0.0,0.0,0.0,0.0,0.0,0.0,0.0,0.0,0.738463194613162,0.30315077145819525,0.0046535650587253685,0.0019470534208944359,0.3780962212185841,0.14208300765079993,0.0032255265808489642,0.001544080877283946
nominal,adaptive_rule_9knob_fitted,102,-0.5791943887228235,1.103313928547569,0.21835256836545278,0.19873886845197047,59.78431372549019,46.908050952228564,0.05092892589083095,0.01955691857155438,0.04151252053032614,0.016917493040977907,-0.030834362246464204,0.02762047328777047,47.90849673202613,19.365969713013875,75.08986928104576,19.545021230095234,0.03842608273731213,0.03464469148632209,0.5980392156862745,1.5483058668382224,0.002821703485288011,0.00692345171682052,0.11890746780461388,0.08630241477978358,3.235294117647059,1.7777297186891194,1.0,0.0,1.0,0.0,1.0,0.0,1.0,0.0,0.0,0.0,0.0,0.0,0.0,0.0,0.0,0.0,0.0,0.0,1.4337890362831782,0.6456084334908805,0.005822990610173618,0.002030825933562119,0.054178587771440814,0.024670303640101962,0.0009426992668639827,0.00040972358671618553
nominal,adaptive_rule_9knob_hand,102,-0.6092964308221708,1.0993679864850785,0.21767541536011933,0.19998660861869538,59.5,47.2597640082729,0.0508660016725122,0.019542967051697367,0.04149447101932696,0.017059534526259846,-0.029683729878437152,0.028253354257378224,47.834967320261434,19.262869465155287,75.20833333333333,19.691568336780378,0.04003077502473533,0.03462919728492481,0.5,1.355815361366601,0.0023537073327157443,0.005923070342855052,0.11862078538431549,0.08606565815600177,3.196078431372549,1.7435551672658653,1.0,0.0,1.0,0.0,1.0,0.0,1.0,0.0,0.0,0.0,0.0,0.0,0.0,0.0,0.0,0.0,0.0,0.0,1.4381619824588774,0.6850038721665577,0.005101575756339587,0.0017437451015248635,0.0,0.0,0.0,0.0
nominal,adaptive_rule_calibration,102,-0.5756864858963073,1.0965518605392317,0.22870333515068011,0.20368154840042038,62.63725490196079,47.46180904637572,0.05203775554278439,0.019773727585551418,0.04273638456845434,0.017297678843099334,-0.031750728759721944,0.028790163141857086,46.09068627450979,19.841766150010066,73.90114379084967,19.775753769323224,0.03970994358460927,0.0340231932912378,0.5588235294117647,1.4455715296343878,0.0027467680213392833,0.006716463033643347,0.11844246856796062,0.08584726971964804,3.2745098039215685,1.8049868977043229,1.0,0.0,1.0,0.0,1.0,0.0,1.0,0.0,0.0,0.0,0.0,0.0,0.0,0.0,0.0,0.0,0.0,0.0,1.4540422020926471,0.6762177820358547,0.005238671195501233,0.0017626674735331167,0.0,0.0,0.0,0.0
nominal,conservative_soc_ref_rule,102,-0.5697075673565607,1.0907079329705436,0.22769025395527287,0.20245893472197754,62.745098039215684,47.37639982401054,0.05191023600341081,0.019690172559588787,0.04247039039342653,0.01723831919744856,-0.03085007810676507,0.029097759327881757,46.65441176470588,19.47198002606465,73.85620915032679,19.740166593337726,0.03941296811603339,0.03390012034005537,0.5392156862745098,1.4394413991943975,0.0025979951461637114,0.006595276748829412,0.11855292785833633,0.08593957632603462,3.2745098039215685,1.8049868977043229,1.0,0.0,1.0,0.0,1.0,0.0,1.0,0.0,0.0,0.0,0.0,0.0,0.0,0.0,0.0,0.0,0.0,0.0,1.3998967243867866,0.7271216252521728,0.006373860901215102,0.0020634965395237635,0.0,0.0,0.0,0.0
nominal,fixed_retuned_calibration,102,-0.6622966345226472,1.1557840448556247,0.2416612183294354,0.20852882882674986,66.2843137254902,47.343835644660594,0.05338964887820251,0.019735236488884676,0.043880565935104116,0.017475448190704203,-0.032755502180877215,0.029367000989592367,44.350490196078425,19.669759014648562,72.38153594771241,19.726598185275247,0.04224459471332106,0.035591825944361014,0.5588235294117647,1.5118715152624755,0.002660489538028553,0.006912394916881116,0.11832619109774042,0.08575379736301753,3.2058823529411766,1.7786216038518652,1.0,0.0,1.0,0.0,1.0,0.0,1.0,0.0,0.0,0.0,0.0,0.0,0.0,0.0,0.0,0.0,0.0,0.0,0.9979166666666668,1.1102230246251565e-16,0.00398541666666667,1.734723475976807e-18,0.0,0.0,0.0,0.0
nominal,global_static_tuned,102,-0.6217732471736463,1.0595589289367966,0.2231066994991118,0.1898169923544709,63.431372549019606,43.3692558051957,0.051978754846192424,0.01834907915717915,0.042112987704352116,0.01588562365183947,-0.023534343097326275,0.0313935195740775,47.340686274509785,17.782983190151977,73.57026143790848,18.07052325216488,0.041350401931214635,0.03472183262887825,0.7352941176470589,2.218135900768734,0.003497189008578539,0.010167269197643472,0.11841543978253402,0.08593307248631762,3.0098039215686274,1.6178847121922517,1.0,0.0,1.0,0.0,1.0,0.0,1.0,0.0,0.0,0.0,0.0,0.0,0.0,0.0,0.0,0.0,0.0,0.0,1.8799572645451066,0.5426775222142527,0.007351204428175062,0.0032531708453863682,0.7987685203552246,0.0,0.004268395304679872,0.0
nominal,map_rule_zero_offset,102,-0.6972726313749411,1.168569923424927,0.25535072156159494,0.2088831006385259,69.90196078431373,47.5498726424392,0.054909957258111854,0.019477562161505937,0.045285147329676485,0.01743059165286791,-0.03625327478520802,0.028075372263865753,42.63071895424835,19.87039127928882,70.87418300653594,19.81244693434967,0.0432134614697089,0.03679319997270584,0.5588235294117647,1.485706601625312,0.0027179505856683587,0.006897575560540164,0.1181298570841115,0.08577186465268988,3.1470588235294117,1.7623350086786287,1.0,0.0,1.0,0.0,1.0,0.0,1.0,0.0,0.0,0.0,0.0,0.0,0.0,0.0,0.0,0.0,0.0,0.0,0.0,0.0,0.0,0.0,0.0,0.0,0.0,0.0
nominal,per_task_static_oracle,102,-0.32720892564055637,0.8722866197704361,0.18669803520043654,0.19414847244896005,48.77450980392157,45.712852027039204,0.045650687253383,0.02095299886094959,0.03563562710241655,0.017533738039658724,-0.026683087253588728,0.02319821240204465,58.6968954248366,21.832624811433462,79.67728758169935,19.047021677933003,0.01861807292873479,0.033757194068135106,0.3137254901960784,1.0934779210665637,0.002028639799107015,0.006117944191762782,0.11905780359821562,0.0868183937455437,3.0980392156862746,1.7006907703934149,1.0,0.0,1.0,0.0,1.0,0.0,1.0,0.0,0.0,0.0,0.0,0.0,0.0,0.0,0.0,0.0,0.0,0.0,1.332539094501027,0.5543514862081155,0.007697619125840673,0.003371743924948706,0.2640821519404805,0.28573439240828735,0.005232545693482583,0.003700575381247585
nominal,v3_meta_rl,510,-0.8968615208554864,1.633439438365415,0.2293950152760308,0.20453155874179685,63.14901960784314,47.51430485343859,0.052012228900297816,0.019896703389738608,0.042646543984104286,0.01744654606288269,-0.03262725762218612,0.02794403510456273,46.749183006535944,20.183585159702684,73.68790849673204,19.79762702226608,0.04088069674688456,0.03516230582003161,0.6,1.7209208661210953,0.002965825589552454,0.008100021364735668,0.11869392336029,0.08589305222977844,3.2705882352941176,1.7804267077929312,0.6548195263050111,0.14649409654943704,0.0258871399228135,0.10669975795663737,0.1764826525875476,0.2631829132344754,0.7056476482251249,0.13041665847764322,0.006723856209150327,0.025354850845200692,0.255359477124183,0.19308866186973794,0.0,0.0,0.0,0.0,0.0,0.0,1.4026559496657403,0.5843147156256467,0.005141439653439453,0.0016888471388187682,0.36291668034311353,0.08649914222324756,0.0037532791377248654,0.0013722216543364239
nominal,v3_meta_rl_floor085,510,-0.912971705794888,1.653572546920527,0.23365081504109728,0.20968793323777563,63.51960784313726,47.47873216177271,0.052398200427056806,0.02016906971764289,0.042864836886167365,0.017672629863408156,-0.03283710572617551,0.028030424828660645,46.79493464052287,20.16405911263129,73.53349673202615,19.7828050674053,0.04101999001480199,0.0354701947103835,0.803921568627451,2.9540242265600023,0.00383005402487379,0.012730306395668028,0.11858016922041979,0.08514483277083168,3.2450980392156863,1.7592125829350298,0.6529487401594911,0.1474091896274585,0.026220943398473164,0.1044731083182301,0.16665703118594574,0.25985310361088126,0.7545682575784906,0.11829688746432941,0.008513071895424837,0.03273932068455145,0.25738562091503264,0.19289352439630064,0.0,0.0,0.0,0.0,0.0,0.0,1.3889293717033377,0.5743406505722225,0.005189284716687122,0.0017103464849075461,0.36246619900566834,0.08734108232852485,0.0037331239801942917,0.001345748349789457
nominal,v3_meta_rl_ungated,510,-0.9192509146074133,1.646477436487199,0.23744351862756444,0.21275515872228043,63.909803921568624,47.730860058481426,0.052684571313370204,0.020416611544040928,0.04312684777312443,0.01786704584263497,-0.03323004836666499,0.028085915542512302,46.55555555555556,20.224634902399764,73.37091503267973,19.887858357700594,0.04111905776984787,0.03591697134392333,0.8,3.0484968973796467,0.003790465636945524,0.012873731654176162,0.11866853453510005,0.08512093960562019,3.2509803921568627,1.7499997253803268,1.0,0.0,1.0,0.0,1.0,0.0,1.0,0.0,0.0,0.0,0.0,0.0,0.0,0.0,0.0,0.0,0.0,0.0,1.328311176275823,0.525250145966114,0.004391954152094355,0.001690007021335848,0.363648634810865,0.0908568125900261,0.0036480969962247077,0.0013079559946435413
wide_hysteresis,adaptive_rule_9knob_fitted,3,-1.465377440212314,1.055213802673324,0.1828984719199331,0.04033593900712195,86.33333333333333,7.760297817881877,0.054248709524468475,0.003301267264960897,0.0474438420862619,0.002243818424356049,-0.017426916247738195,0.04417859494232033,30.694444444444446,1.039349274103874,64.02777777777779,3.2334574241174505,0.06743584459126939,0.041410206607708534,0.0,0.0,0.0,0.0,0.021293516372835053,0.008052346691077798,0.6666666666666666,0.9428090415820634,1.0,0.0,1.0,0.0,1.0,0.0,1.0,0.0,0.0,0.0,0.0,0.0,0.0,0.0,0.0,0.0,0.0,0.0,1.3383607703172793,0.8501180321405892,0.00631622760853819,0.0010893815926659683,0.06676148184730361,0.0496926463293451,0.000667828754625993,0.000427390477944351
wide_hysteresis,adaptive_rule_9knob_hand,3,-1.4688376423198477,1.0504913303826582,0.20006355064950643,0.024045124098340007,90.0,4.320493798938574,0.056278064498699674,0.0017701061249062084,0.04963846801200669,0.0020222190898225834,-0.015232290321993398,0.04728068134654136,27.5,4.823265376162595,62.5,1.8002057495577408,0.0703582380196538,0.037287170850680465,0.0,0.0,0.0,0.0,0.021330386298230905,0.008104411981037484,0.6666666666666666,0.9428090415820634,1.0,0.0,1.0,0.0,1.0,0.0,1.0,0.0,0.0,0.0,0.0,0.0,0.0,0.0,0.0,0.0,0.0,0.0,1.3536129675369464,0.9555484242105624,0.005759166320328857,0.0013811366488283153,0.0,0.0,0.0,0.0
wide_hysteresis,adaptive_rule_calibration,3,-1.4678637326960373,1.0515685752599813,0.196204323625535,0.026669715590154505,90.0,4.320493798938574,0.055891684906395976,0.0018281377883532116,0.04922737924386492,0.001673339576106034,-0.015643379090135166,0.04669959460629628,28.055555555555554,4.058788665611794,62.5,1.8002057495577408,0.0697976624267332,0.03807788892773032,0.0,0.0,0.0,0.0,0.021315371011234412,0.008083208258468134,0.6666666666666666,0.9428090415820634,1.0,0.0,1.0,0.0,1.0,0.0,1.0,0.0,0.0,0.0,0.0,0.0,0.0,0.0,0.0,0.0,0.0,0.0,1.3049547837896711,0.9212211560808288,0.005751600603645796,0.0013918164719169473,0.0,0.0,0.0,0.0
wide_hysteresis,global_static_tuned,3,-1.5115689583925747,0.9923195831651138,0.27096793232279676,0.09346011154310016,110.0,27.17842281418601,0.06151646836241814,0.007696235891647273,0.054989377383937325,0.00908489834895986,-0.009881380950062768,0.05484490039804216,23.055555555555554,11.04668823619343,54.166666666666664,11.324342839244173,0.07787165852230553,0.026700908958457215,0.0,0.0,0.0,0.0,0.021528442610530232,0.008384110418692881,0.6666666666666666,0.9428090415820634,1.0,0.0,1.0,0.0,1.0,0.0,1.0,0.0,0.0,0.0,0.0,0.0,0.0,0.0,0.0,0.0,0.0,0.0,1.912503596490927,0.7872743682888075,0.0074560978837946235,0.00499172283875976,0.7987685203552246,0.0,0.004268395304679872,0.0
wide_hysteresis,map_rule_zero_offset,3,-1.4679940582278999,1.0513881364337996,0.1970272878931216,0.02603635934645676,90.0,4.320493798938574,0.055977635317066975,0.0018011089242098597,0.04931941610861018,0.001740687522450884,-0.015551342225389916,0.04682969096775533,28.055555555555554,4.058788665611794,62.5,1.8002057495577408,0.06989233458106663,0.0379443434085229,0.0,0.0,0.0,0.0,0.021316594933574216,0.008084936604918542,0.6666666666666666,0.9428090415820634,1.0,0.0,1.0,0.0,1.0,0.0,1.0,0.0,0.0,0.0,0.0,0.0,0.0,0.0,0.0,0.0,0.0,0.0,0.0,0.0,0.0,0.0,0.0,0.0,0.0,0.0
wide_hysteresis,per_task_static_oracle,3,-1.4694327439200026,1.0493963309394139,0.14629197899900004,0.08832040430748965,60.666666666666664,43.091633629846164,0.04721508528572116,0.01285701707213479,0.040324331028983425,0.011862786550947515,-0.025988767684455284,0.032079414125449,41.52777777777778,15.15862627738028,74.72222222222223,17.954847345769235,0.07056215932700256,0.0369995521361032,0.0,0.0,0.0,0.0,0.021531083898040693,0.008387840667446798,0.6666666666666666,0.9428090415820634,1.0,0.0,1.0,0.0,1.0,0.0,1.0,0.0,0.0,0.0,0.0,0.0,0.0,0.0,0.0,0.0,0.0,0.0,1.5383536544004077,0.5913754827164811,0.008432142432797086,0.0024030602733870446,0.27350900570551556,0.3868001452999203,0.003327132463455201,0.00470527585363015
wide_hysteresis,v3_meta_rl,15,-2.1757188757263672,1.5664681145072792,0.1788793438649382,0.0519161209290736,82.06666666666666,22.475072611426395,0.053367573986737415,0.006395240701580603,0.04655619540375737,0.0058583254406733105,-0.018540779558448236,0.04295695758388917,32.08333333333333,7.719024117939608,65.80555555555554,9.36461358809433,0.06884523704627868,0.039432379613977185,0.0,0.0,0.0,0.0,0.02145282098939968,0.008278993405339745,0.6666666666666666,0.9428090415820635,0.6866398359498976,0.07312421779387654,0.06099387922597009,0.08168784904398763,0.18392248134512473,0.19217832137849897,0.7194870453188932,0.08903127103563604,0.0,0.0,0.2983333333333333,0.12452502351528177,0.0,0.0,0.0,0.0,0.0,0.0,1.2288404453908528,0.6976565073607522,0.005501682759996517,0.0015354913172348598,0.37393449240221854,0.09302207942135017,0.003554669660708492,0.001447973400480576
wide_hysteresis,v3_meta_rl_floor085,15,-2.2007982752672586,1.5327042398771111,0.2002923697493508,0.09083249199585568,84.46666666666667,37.54085182245544,0.05430058939817803,0.010491146063344968,0.04745334290001649,0.010455795759412372,-0.017918851884516328,0.04485140447383526,32.05555555555555,13.084011541751686,64.80555555555554,15.642021592689764,0.07298205079366403,0.03435516335206696,0.0,0.0,0.0,0.0,0.021584510996952223,0.00846997832997278,0.6666666666666666,0.9428090415820635,0.6755990463507534,0.0872384784019215,0.06481183823756617,0.08007019279323929,0.2266434830359613,0.21738580364827478,0.7600731007697639,0.0581846832121671,0.0,0.0,0.3061111111111111,0.13269697680927392,0.0,0.0,0.0,0.0,0.0,0.0,1.2178942683141083,0.6598008719615075,0.005507769957216737,0.0016483524782717142,0.3893725673084393,0.08580315574005902,0.003541825768557222,0.0014994670717080741
wide_hysteresis,v3_meta_rl_ungated,15,-2.222827923810532,1.5047689592101428,0.2076196174570502,0.10473983205477867,86.6,39.42215958907714,0.05478508631570663,0.011138715630822547,0.04790855340339355,0.011143079471198395,-0.01744641795427764,0.04568688179628467,32.11111111111111,12.98723257189703,63.91666666666665,16.42589982878214,0.07358588233767813,0.03395413127195149,0.0,0.0,0.0,0.0,0.02164752732230755,0.008560656045167958,0.6666666666666666,0.9428090415820635,1.0,0.0,1.0,0.0,1.0,0.0,1.0,0.0,0.0,0.0,0.0,0.0,0.0,0.0,0.0,0.0,0.0,0.0,1.168064020100623,0.5790436768894939,0.004948827019501987,0.002226675807923457,0.3985986688897861,0.09471768132570542,0.003491163555765524,0.0014824985534782104
