reward,reward_version,confidence_gate_enabled,SOC,final_SOC_error,fuel_kg,SOC_corrected_fuel_kg,fuel_L_per_100km,distance_km,engine_switch_count,mode_switch_count,battery_energy_throughput_kWh,SOC_RMSE,SOC_tail_risk,SOC_tail_risk_sum,SOC_tail_violation_steps,SOC_critical_violation_steps,battery_limit_proximity_risk,battery_limit_proximity_risk_sum,battery_limit_usage_peak,battery_limit_violation_steps,constraint_violation_steps,action_magnitude_mean,action_rate_mean,raw_action_magnitude_mean,raw_action_rate_mean,raw_action_saturation_ratio,final_action_saturation_ratio,confidence_mean,confidence_min,confidence_p5,confidence_p50,confidence_p95,distribution_confidence_mean,distribution_confidence_min,safety_margin_confidence_mean,safety_margin_confidence_min,stability_confidence_mean,stability_confidence_min,distribution_risk_mean,distribution_risk_max,action_attenuation_ratio_mean,fallback_activation_ratio,direction_suppression_ratio,reward_fuel_cost_sum,reward_soc_tracking_sum,reward_soc_tail_sum,reward_battery_limit_sum,reward_constraint_sum,reward_engine_switch_sum,reward_battery_throughput_sum,reward_action_magnitude_sum,reward_action_rate_sum,reward_terminal_soc_sum,last_delta_P_eng_on_kw,last_delta_SOC_ref,case_id,candidate_id,split,profile_id,profile_path,condition_label,initial_SOC,mass_scale,road_grade,weather,controller,controller_display,checkpoint_path,checkpoint_selection_note,posthoc_episode_reward,episode_reward_note,steps,abs_final_SOC_error,SOC_tail_risk_integral,SOC_tail_violation_count,battery_limit_risk_integral,battery_limit_violation_count,mean_abs_delta_P,mean_abs_delta_SOC,action_saturation_ratio,SOC_min,SOC_max
-0.0007810266720410143,robustness_v2,0.0,0.5528501052824278,0.002850105282427795,0.0,-0.0004602442740762588,0.0,0.008179999919608234,0.0,2.0,0.07347322722725942,0.057037634568000116,0.21649056443052325,51.957735463325584,93.0,0.0,0.0,0.0,0.1158495907320777,0.0,0.0,0.0,0.0,0.0,0.0,0.0,0.0,1.0,1.0,1.0,1.0,1.0,1.0,1.0,1.0,1.0,1.0,1.0,0.0,0.0,1.0,0.0,0.0,0.0,23.03489230707303,41.56618837066047,0.0,0.0,0.0,0.10580144720725362,0.0,0.0,0.0,0.0,0.0,C01_nominal_bc8a04551c,meta_validation:000,meta_validation,bc8a04551cdd08b3,data/drive_cycles/sumo/osm_custom_mixed_arterial/bc8a04551cdd08b3.csv,nominal,0.65,1.15,2.0,,map_rule_zero_offset,Baseline zero-offset EMS,,zero-offset map/rule EMS; no learned policy or training reward,-64.7068821249408,post-hoc evaluation score; old/new reward formula absolute values are not compared,240,0.002850105282427795,51.957735463325584,93.0,0.0,0.0,0.0,0.0,0.0,0.5528501052824278,0.6495823438767488
-0.002810462699072029,robustness_v2,0.0,0.5528501052824278,0.002850105282427795,0.0,-0.0004602442740762588,0.0,0.008179999919608234,0.0,2.0,0.07347322722725942,0.057037634568000116,0.21649056443052325,51.957735463325584,93.0,0.0,0.0,0.0,0.1158495907320777,0.0,0.0,0.11728175433973471,0.002504153351765126,0.11728175433973471,0.002504153351765126,0.0,0.0,1.0,1.0,1.0,1.0,1.0,1.0,1.0,1.0,1.0,1.0,1.0,0.0,0.0,1.0,0.0,0.0,0.0,172.7616923030478,41.56618837066047,0.0,0.0,0.0,0.0010580144720725333,0.02814762104153638,0.0012019936088472607,0.0,-0.03861737530678511,0.0008569020032882691,C01_nominal_bc8a04551c,meta_validation:000,meta_validation,bc8a04551cdd08b3,data/drive_cycles/sumo/osm_custom_mixed_arterial/bc8a04551cdd08b3.csv,nominal,0.65,1.15,2.0,,old_latent_sac_adapter,Old Meta-RL adapter,/home/yejun/meta_rl/results/meta_rl_paper/main_raw_summary_soc_guarded/20260706_164901/seed_20260710/policy.pt,seed_20260710: selected final policy by heldout physical deltas,-214.35828830283063,post-hoc evaluation score; old/new reward formula absolute values are not compared,240,0.002850105282427795,51.957735463325584,93.0,0.0,0.0,0.13359462411608547,0.0007275021296770622,0.0,0.5528501052824278,0.6495823438767488
-0.001761691014682845,robustness_v2,0.0,0.5528501052824278,0.002850105282427795,0.0,-0.0004602442740762588,0.0,0.008179999919608234,0.0,2.0,0.07347322722725942,0.057037634568000116,0.21649056443052325,51.957735463325584,93.0,0.0,0.0,0.0,0.1158495907320777,0.0,0.0,0.3737431111823147,0.020295341623326146,0.3737431111823147,0.020295341623326146,0.0,0.0,1.0,1.0,1.0,1.0,1.0,1.0,1.0,1.0,1.0,1.0,1.0,0.0,0.0,1.0,0.0,0.0,0.0,23.03489230707303,41.56618837066047,0.0,0.0,0.0,0.10580144720725362,0.2690950400512662,0.02922529193758965,0.0,-0.7001957148313522,-0.0009348954260349274,C01_nominal_bc8a04551c,meta_validation:000,meta_validation,bc8a04551cdd08b3,data/drive_cycles/sumo/osm_custom_mixed_arterial/bc8a04551cdd08b3.csv,nominal,0.65,1.15,2.0,,new_robust_adapter_no_gate,"New robustness adapter, no gate",/home/yejun/meta_rl/results/meta_rl_paper/robustness_v2_raw_summary/20260709_161421/seed_20260707/policy.pt,seed_20260707: selected final policy by heldout physical deltas,-65.0052024569296,post-hoc evaluation score; old/new reward formula absolute values are not compared,240,0.002850105282427795,51.957735463325584,93.0,0.0,0.0,0.4713799402816221,0.0021661646442177394,0.0,0.5528501052824278,0.6495823438767488
-0.0015608486435166207,robustness_v2,1.0,0.5528501052824278,0.002850105282427795,0.0,-0.0004602442740762588,0.0,0.008179999919608234,0.0,2.0,0.07347322722725942,0.057037634568000116,0.21649056443052325,51.957735463325584,93.0,0.0,0.0,0.0,0.1158495907320777,0.0,0.0,0.14706096185013112,0.009031780171894183,0.22255570126282226,0.08221437941374309,0.0,0.0,0.6937788515763421,0.0,0.10747750395080423,0.8614534502559374,0.8614534502559374,0.7898040511033656,0.0002831402201010146,0.8094329318705943,0.0,0.9637990144129822,0.8816666666666667,1.7105988618509758,10.105424475028672,0.6951647933032474,0.0,0.38333333333333336,0.0,23.03489230707303,41.56618837066047,0.0,0.0,0.0,0.10580144720725362,0.10588389253209426,0.01300576344752763,0.0,0.7220587058458778,0.00019254421876576189,C01_nominal_bc8a04551c,meta_validation:000,meta_validation,bc8a04551cdd08b3,data/drive_cycles/sumo/osm_custom_mixed_arterial/bc8a04551cdd08b3.csv,nominal,0.65,1.15,2.0,,new_robust_confidence_adapter,New robustness/confidence adapter,/home/yejun/meta_rl/results/meta_rl_paper/confidence_gate_current_bound/20260709_173821/seed_20260708/checkpoints/policy_step_90000.pt,seed_20260708: selected heldout step 90000,-64.82577178092038,post-hoc evaluation score; old/new reward formula absolute values are not compared,240,0.002850105282427795,51.957735463325584,93.0,0.0,0.0,0.32658705326485155,0.0003819861076184712,0.0,0.5528501052824278,0.6495823438767488
-0.03392383621259976,robustness_v2,0.0,0.5225439202582836,-0.027456079741716488,0.032288111589848005,0.03672180867732615,4.479004875737952,0.967620002720505,6.0,41.0,0.20324877098550492,0.014969085484382914,2.8021881294862516e-06,0.0006725251510767004,0.0,0.0,0.0,0.0,0.7690031387150125,0.0,0.0,0.0,0.0,0.0,0.0,0.0,0.0,1.0,1.0,1.0,1.0,1.0,1.0,1.0,1.0,1.0,1.0,1.0,0.0,0.0,1.0,0.0,0.0,0.64576223179696,2.390117549213475,0.0005380201208613605,0.0,0.0,0.3,0.2926782302191263,0.0,0.0,0.0,0.0,0.0,C02_nominal_d25b7810d6,meta_validation:001,meta_validation,d25b7810d65f4813,data/drive_cycles/sumo/osm_custom_freeway_corridor/d25b7810d65f4813.csv,nominal,0.55,1.0,-2.0,,map_rule_zero_offset,Baseline zero-offset EMS,,zero-offset map/rule EMS; no learned policy or training reward,-3.6290960313504224,post-hoc evaluation score; old/new reward formula absolute values are not compared,240,0.027456079741716488,0.0006725251510767004,0.0,0.0,0.0,0.0,0.0,0.0,0.5225439202582836,0.5812060222274488
-0.24652608835560727,robustness_v2,0.0,0.5228130274137899,-0.027186972586210167,0.03235059606187682,0.03674083685031985,4.487672717897014,0.967620002720505,6.0,41.0,0.2030146240931539,0.014874096644253649,2.8021881294862516e-06,0.0006725251510767004,0.0,0.0,0.0,0.0,0.7690031387150125,0.0,0.0,0.16098502092451478,0.011154402000829577,0.16098502092451478,0.011154402000829577,0.0,0.0,1.0,1.0,1.0,1.0,1.0,1.0,1.0,1.0,1.0,1.0,1.0,0.0,0.0,1.0,0.0,0.0,24.262947046407614,17.699100078607824,0.0005380201208613605,0.0,0.0,0.48000000000000004,0.0029234105869414355,0.03863640502188348,0.005354112960398196,0.0,-0.09422337636351585,0.0011332109570503235,C02_nominal_d25b7810d6,meta_validation:001,meta_validation,d25b7810d65f4813,data/drive_cycles/sumo/osm_custom_freeway_corridor/d25b7810d65f4813.csv,nominal,0.55,1.0,-2.0,,old_latent_sac_adapter,Old Meta-RL adapter,/home/yejun/meta_rl/results/meta_rl_paper/main_raw_summary_soc_guarded/20260706_164901/seed_20260710/policy.pt,seed_20260710: selected final policy by heldout physical deltas,-42.48949907370549,post-hoc evaluation score; old/new reward formula absolute values are not compared,240,0.027186972586210167,0.0006725251510767004,0.0,0.0,0.0,0.14632183311041444,0.0011221107655437663,0.0,0.5228130274137899,0.5812060222274488
-0.0353141538487928,robustness_v2,0.0,0.5222921505460865,-0.02770784945391358,0.03223874716377871,0.03671310084353748,4.472157045556335,0.967620002720505,6.0,41.0,0.2034882434988749,0.015070508720026967,2.8021881294862516e-06,0.0006725251510767004,0.0,0.0,0.0,0.0,0.7690031387150125,0.0,0.0,0.4830024243394534,0.05446508809303238,0.4830024243394534,0.05446508809303238,0.0,0.0,1.0,1.0,1.0,1.0,1.0,1.0,1.0,1.0,1.0,1.0,1.0,0.0,0.0,1.0,0.0,0.0,0.6447749432755742,2.42261581952436,0.0005380201208613605,0.0,0.0,0.3,0.29302307063837907,0.34776174552440703,0.07842972685396675,0.0,-0.2575194910168648,0.0017184224724769593,C02_nominal_d25b7810d6,meta_validation:001,meta_validation,d25b7810d65f4813,data/drive_cycles/sumo/osm_custom_freeway_corridor/d25b7810d65f4813.csv,nominal,0.55,1.0,-2.0,,new_robust_adapter_no_gate,"New robustness adapter, no gate",/home/yejun/meta_rl/results/meta_rl_paper/robustness_v2_raw_summary/20260709_161421/seed_20260707/policy.pt,seed_20260707: selected final policy by heldout physical deltas,-4.08714332593755,post-hoc evaluation score; old/new reward formula absolute values are not compared,240,0.02770784945391358,0.0006725251510767004,0.0,0.0,0.0,0.7663193243555725,0.0022756264955426254,0.0,0.5222921505460865,0.5812060222274488
-0.03294817140017809,robustness_v2,1.0,0.5230785110557234,-0.026921488944276595,0.03240900273801268,0.03675637236418174,4.495774888457847,0.967620002720505,6.0,41.0,0.20286481768890405,0.0147817327729576,2.8021881294862516e-06,0.0006725251510767004,0.0,0.0,0.0,0.0,0.7690031387150125,0.0,0.0,0.2292812108725819,0.029810486460500194,0.2523742969050916,0.047290158433560325,0.0,0.0,0.9172357353305564,0.5095048559835249,0.7631907148077799,0.9434088666131254,0.9762195363304271,0.9208405410507171,0.5095048559835249,1.0,1.0,0.972117337972976,0.8816666666666667,0.9423883554924761,2.9032651779600935,0.9172357353305565,0.0,0.0,0.6481800547602534,2.330662653558709,0.0005380201208613605,0.0,0.0,0.3,0.292125337472021,0.16508247182825897,0.04292710050312026,0.0,-0.1344713190992044,0.000606175532958207,C02_nominal_d25b7810d6,meta_validation:001,meta_validation,d25b7810d65f4813,data/drive_cycles/sumo/osm_custom_freeway_corridor/d25b7810d65f4813.csv,nominal,0.55,1.0,-2.0,,new_robust_confidence_adapter,New robustness/confidence adapter,/home/yejun/meta_rl/results/meta_rl_paper/confidence_gate_current_bound/20260709_173821/seed_20260708/checkpoints/policy_step_90000.pt,seed_20260708: selected heldout step 90000,-3.7795156382432236,post-hoc evaluation score; old/new reward formula absolute values are not compared,240,0.026921488944276595,0.0006725251510767004,0.0,0.0,0.0,0.224908193682088,0.0015431181297855252,0.0,0.5230785110557234,0.5812060222274488
-1.396096694873038,robustness_v2,0.0,0.4652451707326399,-0.08475482926736017,0.006547600541676416,0.02023408612910898,27.268772550683547,0.032230000609532,2.0,6.0,0.08147692488994183,0.046454100659169495,0.11809858962047957,28.343661508915098,63.0,0.0,0.0,0.0,0.24107770255268915,0.0,0.0,0.0,0.0,0.0,0.0,0.0,0.0,1.0,1.0,1.0,1.0,1.0,1.0,1.0,1.0,1.0,1.0,1.0,0.0,0.0,1.0,0.0,0.0,0.1309520108335283,18.229555042594388,22.674929207132077,0.0,0.0,0.1,0.11732677184151648,0.0,0.0,0.8058761053519813,0.0,0.0,C03_nominal_e85b8857ed,heldout_evaluation:010,heldout_evaluation,e85b8857ed7397c3,data/drive_cycles/sumo/osm_custom_suburban_arterial/e85b8857ed7397c3.csv,nominal,0.55,1.0,0.0,,map_rule_zero_offset,Baseline zero-offset EMS,,zero-offset map/rule EMS; no learned policy or training reward,-42.058639137753474,post-hoc evaluation score; old/new reward formula absolute values are not compared,240,0.08475482926736017,28.343661508915098,63.0,0.0,0.0,0.0,0.0,0.0,0.4652451707326399,0.5508971849700086
-4.837312027003005,robustness_v2,0.0,0.46534753094419795,-0.0846524690558021,0.00656941267796328,0.020239368805395435,27.359613489965824,0.032230000609532,2.0,6.0,0.08139935924055464,0.0463698756949046,0.11751463111909964,28.203511468583915,63.0,0.0,0.0,0.0,0.24107770255268915,0.0,0.0,0.12668054969826092,0.0046022535224134725,0.12668054969826092,0.0046022535224134725,0.0,0.0,1.0,1.0,1.0,1.0,1.0,1.0,1.0,1.0,1.0,1.0,1.0,0.0,0.0,1.0,0.0,0.0,4.9270595084724595,136.40776549112903,22.56280917486714,0.0,0.0,0.16,0.0011721507730639857,0.030403331927582662,0.0022090816907584664,3.209280648414224,-0.17025740817189217,0.0006633966416120529,C03_nominal_e85b8857ed,heldout_evaluation:010,heldout_evaluation,e85b8857ed7397c3,data/drive_cycles/sumo/osm_custom_suburban_arterial/e85b8857ed7397c3.csv,nominal,0.55,1.0,0.0,,old_latent_sac_adapter,Old Meta-RL adapter,/home/yejun/meta_rl/results/meta_rl_paper/main_raw_summary_soc_guarded/20260706_164901/seed_20260710/policy.pt,seed_20260710: selected final policy by heldout physical deltas,-167.30069938727425,post-hoc evaluation score; old/new reward formula absolute values are not compared,240,0.0846524690558021,28.203511468583915,63.0,0.0,0.0,0.13157287251669914,0.0008282292552602789,0.0,0.46534753094419795,0.5509995451815667
-1.2917206921034423,robustness_v2,0.0,0.46730146382707854,-0.0826985361729215,0.006943326355540676,0.020297755043751683,28.916850673655876,0.032230000609532,2.0,6.0,0.08219651590094536,0.044780525048834355,0.10688958734459231,25.653500962702154,58.0,0.0,0.0,0.0,0.24107770255268915,0.0,0.0,0.4328607956252785,0.018573374239106974,0.4328607956252785,0.018573374239106974,0.0,0.0,1.0,1.0,1.0,1.0,1.0,1.0,1.0,1.0,1.0,1.0,1.0,0.0,0.0,1.0,0.0,0.0,0.13886652711081354,17.40059315306373,20.522800770161727,0.0,0.0,0.1,0.11836298289736157,0.31165977285020074,0.026745658904314046,0.7372665546516275,-0.6891294121742249,-0.000453929640352726,C03_nominal_e85b8857ed,heldout_evaluation:010,heldout_evaluation,e85b8857ed7397c3,data/drive_cycles/sumo/osm_custom_suburban_arterial/e85b8857ed7397c3.csv,nominal,0.55,1.0,0.0,,new_robust_adapter_no_gate,"New robustness adapter, no gate",/home/yejun/meta_rl/results/meta_rl_paper/robustness_v2_raw_summary/20260709_161421/seed_20260707/policy.pt,seed_20260707: selected final policy by heldout physical deltas,-39.35629541963975,post-hoc evaluation score; old/new reward formula absolute values are not compared,240,0.0826985361729215,25.653500962702154,58.0,0.0,0.0,0.6443147364615773,0.002180892168047527,0.0,0.46730146382707854,0.5525645891755584
-1.1595374509766052,robustness_v2,1.0,0.4702133792168716,-0.07978662078312843,0.00748103581787178,0.02036523893476453,31.156247676164988,0.032230000609532,2.0,6.0,0.08356867201332135,0.04245480729460105,0.09260544540478068,22.225306897147362,51.0,0.0,0.0,0.0,0.24107770255268915,0.0,0.0,0.2615333928148997,0.021568715811376173,0.3551185601320963,0.10303723976740559,0.0,0.0,0.6125719241824613,4.879755536813928e-05,0.0007787538666508629,0.8754812195738788,0.9507541180129346,0.6687929630413479,4.879755536813928e-05,0.9175938246379621,0.5150567026440112,0.9599786327480747,0.8816666666666667,3.108806888573431,11.139922767503341,0.6680327000670873,0.0,0.0,0.1496207163574356,16.23313561468442,17.78024551771789,0.0,0.0,0.1,0.12033888769918305,0.18830404282672772,0.03105895076838171,0.6502807232920287,-1.3678225032174054,0.0021750647520352496,C03_nominal_e85b8857ed,heldout_evaluation:010,heldout_evaluation,e85b8857ed7397c3,data/drive_cycles/sumo/osm_custom_suburban_arterial/e85b8857ed7397c3.csv,nominal,0.55,1.0,0.0,,new_robust_confidence_adapter,New robustness/confidence adapter,/home/yejun/meta_rl/results/meta_rl_paper/confidence_gate_current_bound/20260709_173821/seed_20260708/checkpoints/policy_step_90000.pt,seed_20260708: selected heldout step 90000,-35.252984453346066,post-hoc evaluation score; old/new reward formula absolute values are not compared,240,0.07978662078312843,22.225306897147362,51.0,0.0,0.0,0.42576887816573766,0.0011961043342632084,0.0,0.4702133792168716,0.5546987267875737
-0.011299463022363086,robustness_v2,0.0,0.5379600758040991,-0.012039924195900942,0.2118889899158042,0.2138332360479174,8.114404652120495,3.505059998339043,14.0,78.0,0.6006770430455491,0.03010262037624438,0.04664881830180344,11.195716392432825,16.0,1.0,0.007025544105233359,1.6861305852560062,1.0,1.0,1.0,0.0,0.0,0.0,0.0,0.0,0.0,1.0,1.0,1.0,1.0,1.0,1.0,1.0,1.0,1.0,1.0,1.0,0.0,0.0,1.0,0.0,0.0,4.237779798316088,7.03424258135439,8.95657311394626,0.6744522341024025,4.0,0.7000000000000001,0.8649749419855898,0.0,0.0,0.0,0.0,0.0,C04_nominal_cfef57d4ff,heldout_evaluation:011,heldout_evaluation,cfef57d4ffb59267,data/drive_cycles/sumo/osm_custom_suburban_arterial/cfef57d4ffb59267.csv,nominal,0.65,1.15,-2.0,,map_rule_zero_offset,Baseline zero-offset EMS,,zero-offset map/rule EMS; no learned policy or training reward,-26.46802266970471,post-hoc evaluation score; old/new reward formula absolute values are not compared,240,0.012039924195900942,11.195716392432825,16.0,1.6861305852560062,1.0,0.0,0.0,0.0,0.4919350434721362,0.6502759152435418
-0.04770444766453212,robustness_v2,0.0,0.5380592149489305,-0.011940785051069547,0.21188351033965466,0.21381174716010248,8.114194808757622,3.505059998339043,14.0,78.0,0.5997201645617174,0.030030072025373066,0.046482265153817065,11.155743636916096,16.0,1.0,0.006995390858664043,1.6788938060793703,1.0,1.0,1.0,0.2617624246521801,0.040261916206994396,0.2617624246521801,0.040261916206994396,0.0,0.0,1.0,1.0,1.0,1.0,1.0,1.0,1.0,1.0,1.0,1.0,1.0,0.0,0.0,1.0,0.0,0.0,158.91263275474105,52.42990030831214,8.924594909532885,0.6715575224317483,8.0,1.1199999999999999,0.008635970369688736,0.0628229819165231,0.019325719779357316,0.0,-0.12483981996774673,0.0008681711554527283,C04_nominal_cfef57d4ff,heldout_evaluation:011,heldout_evaluation,cfef57d4ffb59267,data/drive_cycles/sumo/osm_custom_suburban_arterial/cfef57d4ffb59267.csv,nominal,0.65,1.15,-2.0,,old_latent_sac_adapter,Old Meta-RL adapter,/home/yejun/meta_rl/results/meta_rl_paper/main_raw_summary_soc_guarded/20260706_164901/seed_20260710/policy.pt,seed_20260710: selected final policy by heldout physical deltas,-230.14947016708348,post-hoc evaluation score; old/new reward formula absolute values are not compared,240,0.011940785051069547,11.155743636916096,16.0,1.6788938060793703,1.0,0.3599822667388556,0.0014176833573922825,0.0,0.4923212629565313,0.6502759152435418
-0.01082430155962262,robustness_v2,0.0,0.5395445147525976,-0.010455485247402474,0.21238190385546343,0.21407028963106073,8.133281060784556,3.505059998339043,14.0,78.0,0.6031429748886604,0.03014746636437134,0.04723242183216749,11.335781239720198,16.0,1.0,0.006883276015680584,1.6519862437633401,1.0,1.0,1.0,0.6803560361116089,0.09199620589303488,0.6803560361116089,0.09199620589303488,0.004166666666666667,0.004166666666666667,1.0,1.0,1.0,1.0,1.0,1.0,1.0,1.0,1.0,1.0,1.0,0.0,0.0,1.0,0.0,0.0,4.24763807710927,7.033554359297123,9.068624991776156,0.660794497505336,4.0,0.7000000000000001,0.8685258838396701,0.48985634600035877,0.13247453648597013,0.0,-0.6250453591346741,0.0016130295395851136,C04_nominal_cfef57d4ff,heldout_evaluation:011,heldout_evaluation,cfef57d4ffb59267,data/drive_cycles/sumo/osm_custom_suburban_arterial/cfef57d4ffb59267.csv,nominal,0.65,1.15,-2.0,,new_robust_adapter_no_gate,"New robustness adapter, no gate",/home/yejun/meta_rl/results/meta_rl_paper/robustness_v2_raw_summary/20260709_161421/seed_20260707/policy.pt,seed_20260707: selected final policy by heldout physical deltas,-27.20146869201388,post-hoc evaluation score; old/new reward formula absolute values are not compared,240,0.010455485247402474,11.335781239720198,16.0,1.6519862437633401,1.0,0.9046240970414753,0.003788146704311172,0.004166666666666667,0.491602774548815,0.6502759152435418
-0.012531764804637741,robustness_v2,1.0,0.5386561999574611,-0.011343800042538987,0.2121166866744886,0.21394852041341536,8.123124423915508,3.505059998339043,14.0,78.0,0.6018323527013497,0.030089350580696953,0.04670065227265534,11.208156545437282,16.0,1.0,0.006982455384858769,1.6757892923661046,1.0,1.0,1.0,0.45617415620982293,0.07017753187678459,0.5870051999213918,0.16501014283331067,0.0,0.0,0.7622352339174572,0.0,0.36139302474615054,0.8145184822230852,0.8668447353340321,0.7964396705248638,0.5047532658314207,0.9422132558582297,0.0,0.9339554232358539,0.8816666666666666,1.6727804863972613,2.9233661069350827,0.7672268974639488,0.0,0.07916666666666666,4.242333733489775,7.025014060896153,8.966525236349824,0.6703157169464418,4.0,0.7000000000000001,0.8666385878899429,0.32844539247107246,0.10105564590256975,0.0,-0.8203568468415295,0.0030886248026489064,C04_nominal_cfef57d4ff,heldout_evaluation:011,heldout_evaluation,cfef57d4ffb59267,data/drive_cycles/sumo/osm_custom_suburban_arterial/cfef57d4ffb59267.csv,nominal,0.65,1.15,-2.0,,new_robust_confidence_adapter,New robustness/confidence adapter,/home/yejun/meta_rl/results/meta_rl_paper/confidence_gate_current_bound/20260709_173821/seed_20260708/checkpoints/policy_step_90000.pt,seed_20260708: selected heldout step 90000,-26.900328373945747,post-hoc evaluation score; old/new reward formula absolute values are not compared,240,0.011343800042538987,11.208156545437282,16.0,1.6757892923661046,1.0,0.7705200226108936,0.001993341486728583,0.0,0.4919587052959132,0.6502759152435418
-0.007899837991743819,robustness_v2,0.0,0.5480364737119445,-0.001963526288055517,0.04152210305116616,0.04183917966466795,172.92697939059,0.032230000609532,3.0,7.0,0.16863506118439164,0.10677660257580253,1.0585538976581923,254.05293543796617,195.0,154.0,0.0,0.0,0.2755303665439564,0.0,0.0,0.0,0.0,0.0,0.0,0.0,0.0,1.0,1.0,1.0,1.0,1.0,1.0,1.0,1.0,1.0,1.0,1.0,0.0,0.0,1.0,0.0,0.0,0.8304420610233212,33.5945538700454,203.24234835037294,0.0,0.0,0.15000000000000002,0.24283448810552383,0.0,0.0,0.0,0.0,0.0,C05_low_soc_stress_e85b8857ed,low_soc_stress:000,low_soc_stress,e85b8857ed7397c3,data/drive_cycles/sumo/osm_custom_suburban_arterial/e85b8857ed7397c3.csv,low_soc_stress,0.45,1.0,0.0,,map_rule_zero_offset,Baseline zero-offset EMS,,zero-offset map/rule EMS; no learned policy or training reward,-238.06017876954724,post-hoc evaluation score; old/new reward formula absolute values are not compared,240,0.001963526288055517,254.05293543796617,195.0,0.0,0.0,0.0,0.0,0.0,0.39964831759748415,0.5480364737119445
-0.23822931028138447,robustness_v2,0.0,0.548714099665237,-0.001285900334763057,0.04163692716761005,0.04184457853745815,173.4051870476869,0.032230000609532,3.0,7.0,0.16914328064936082,0.10661514245886022,1.0555613009473253,253.33471222735804,194.0,154.0,0.0,0.0,0.2766073152713745,0.0,0.0,0.1451218038079484,0.0045207232877146454,0.1451218038079484,0.0045207232877146454,0.0,0.0,1.0,1.0,1.0,1.0,1.0,1.0,1.0,1.0,1.0,1.0,1.0,0.0,0.0,1.0,0.0,0.0,31.227695375707505,251.33734451810227,202.6677697818864,0.0,0.0,0.24,0.0024356632413507977,0.03482923291390763,0.00216994717810303,0.0,-0.3096673786640167,0.0009851673990488052,C05_low_soc_stress_e85b8857ed,low_soc_stress:000,low_soc_stress,e85b8857ed7397c3,data/drive_cycles/sumo/osm_custom_suburban_arterial/e85b8857ed7397c3.csv,low_soc_stress,0.45,1.0,0.0,,old_latent_sac_adapter,Old Meta-RL adapter,/home/yejun/meta_rl/results/meta_rl_paper/main_raw_summary_soc_guarded/20260706_164901/seed_20260710/policy.pt,seed_20260710: selected final policy by heldout physical deltas,-485.5122445190301,post-hoc evaluation score; old/new reward formula absolute values are not compared,240,0.001285900334763057,253.33471222735804,194.0,0.0,0.0,0.16706036680261604,0.0008943501487374305,0.0,0.3997622063503939,0.548714099665237
-0.008987216888584715,robustness_v2,0.0,0.5477511279019113,-0.002248872098088772,0.04146973429697452,0.04183288948027833,172.7088793953742,0.032230000609532,3.0,7.0,0.16900438516019997,0.10667232084479712,1.0566415116265062,253.5939627903615,195.0,154.0,0.0,0.0,0.28228846090610765,0.0,0.0,0.5139510290823981,0.04010102279329049,0.5139510290823981,0.04010102279329049,0.0,0.0,1.0,1.0,1.0,1.0,1.0,1.0,1.0,1.0,1.0,1.0,1.0,0.0,0.0,1.0,0.0,0.0,0.8293946859394891,33.63788246390618,202.87517023228918,0.0,0.0,0.15000000000000002,0.24336631463068764,0.3700447409393265,0.05774547282233837,0.0,-0.8039407432079315,0.0007667212188243866,C05_low_soc_stress_e85b8857ed,low_soc_stress:000,low_soc_stress,e85b8857ed7397c3,data/drive_cycles/sumo/osm_custom_suburban_arterial/e85b8857ed7397c3.csv,low_soc_stress,0.45,1.0,0.0,,new_robust_adapter_no_gate,"New robustness adapter, no gate",/home/yejun/meta_rl/results/meta_rl_paper/robustness_v2_raw_summary/20260709_161421/seed_20260707/policy.pt,seed_20260707: selected final policy by heldout physical deltas,-238.16360391052726,post-hoc evaluation score; old/new reward formula absolute values are not compared,240,0.002248872098088772,253.5939627903615,195.0,0.0,0.0,0.7542849645212603,0.002625227075753113,0.0,0.3998826327713107,0.5477511279019113
-0.009775596822482363,robustness_v2,1.0,0.5487243660152787,-0.0012756339847213027,0.04164106131205482,0.0418470548382957,173.42240450679097,0.032230000609532,3.0,7.0,0.16915098041189208,0.10664152059987375,1.0561444149079386,253.4746595779053,195.0,154.0,0.0,0.0,0.27530044825289646,0.0,0.0,0.568347700294488,0.024422844274929755,0.7311506999778431,0.16946685546712204,0.0,0.0,0.17826682576745034,0.0,0.0,0.0,0.8591799977145689,0.64716348926648,3.396817057211972e-05,0.2381863943320319,0.0,0.9393584755865073,0.9004166666666666,3.2745514738795802,11.341343963273689,0.6409450041649725,0.0,0.15,0.8328212262410947,33.51763966921838,202.77972766232418,0.0,0.0,0.15000000000000002,0.24357741179312437,0.4092103442120317,0.03516889575589877,0.0,-0.543083360020932,0.004758742232568791,C05_low_soc_stress_e85b8857ed,low_soc_stress:000,low_soc_stress,e85b8857ed7397c3,data/drive_cycles/sumo/osm_custom_suburban_arterial/e85b8857ed7397c3.csv,low_soc_stress,0.45,1.0,0.0,,new_robust_confidence_adapter,New robustness/confidence adapter,/home/yejun/meta_rl/results/meta_rl_paper/confidence_gate_current_bound/20260709_173821/seed_20260708/checkpoints/policy_step_90000.pt,seed_20260708: selected heldout step 90000,-237.96814520954484,post-hoc evaluation score; old/new reward formula absolute values are not compared,240,0.0012756339847213027,253.4746595779053,195.0,0.0,0.0,0.9069873561624775,0.0026601858157366226,0.0,0.3997764904156301,0.5487243660152787
-0.0013430044281382684,robustness_v2,0.0,0.5454428518091782,-0.004557148190821869,0.04462534000683849,0.04536124312377743,185.8510211332828,0.032230000609532,4.0,8.0,0.17126345952971425,0.10343974668985426,0.9951978889647877,238.84749335154905,181.0,151.0,0.0,0.0,0.2749965187375498,0.0,0.0,0.0,0.0,0.0,0.0,0.0,0.0,1.0,1.0,1.0,1.0,1.0,1.0,1.0,1.0,1.0,1.0,1.0,0.0,0.0,1.0,0.0,0.0,0.8925068001367675,31.345505533962783,191.07799468123926,0.0,0.0,0.2,0.24661938172278833,0.0,0.0,0.0,0.0,0.0,C06_low_soc_high_mass_uphill_e85b8857ed,low_soc_high_mass_uphill:000,low_soc_high_mass_uphill,e85b8857ed7397c3,data/drive_cycles/sumo/osm_custom_suburban_arterial/e85b8857ed7397c3.csv,low_soc_high_mass_uphill,0.45,1.3,6.0,,map_rule_zero_offset,Baseline zero-offset EMS,,zero-offset map/rule EMS; no learned policy or training reward,-223.76262639706158,post-hoc evaluation score; old/new reward formula absolute values are not compared,240,0.004557148190821869,238.84749335154905,181.0,0.0,0.0,0.0,0.0,0.0,0.3999399977142045,0.5502721148854078
-0.0018706942307144241,robustness_v2,0.0,0.5477740159235351,-0.002225984076464904,0.04506202974627881,0.045421488897382595,187.66970159557118,0.032230000609532,4.0,8.0,0.17242849928214868,0.10364766814074415,0.9991911548663815,239.80587716793158,181.0,150.0,0.0,0.0,0.275450473261132,0.0,0.0,0.1597686058895973,0.007335077148551742,0.1597686058895973,0.007335077148551742,0.0,0.0,1.0,1.0,1.0,1.0,1.0,1.0,1.0,1.0,1.0,1.0,1.0,0.0,0.0,1.0,0.0,0.0,33.79652230970906,236.03708513619418,191.84470173434516,0.0,0.0,0.32,0.0024829703896629444,0.03834446541350338,0.003520837031304835,0.0,-0.48056164383888245,0.0005463864654302597,C06_low_soc_high_mass_uphill_e85b8857ed,low_soc_high_mass_uphill:000,low_soc_high_mass_uphill,e85b8857ed7397c3,data/drive_cycles/sumo/osm_custom_suburban_arterial/e85b8857ed7397c3.csv,low_soc_high_mass_uphill,0.45,1.3,6.0,,old_latent_sac_adapter,Old Meta-RL adapter,/home/yejun/meta_rl/results/meta_rl_paper/main_raw_summary_soc_guarded/20260706_164901/seed_20260710/policy.pt,seed_20260710: selected final policy by heldout physical deltas,-462.0426574530833,post-hoc evaluation score; old/new reward formula absolute values are not compared,240,0.002225984076464904,239.80587716793158,181.0,0.0,0.0,0.28157396625028924,0.0006591061713950087,0.0,0.3998890345353673,0.551825501221987
-0.0013883048372632704,robustness_v2,0.0,0.5481624769431422,-0.0018375230568578038,0.0450940437245172,0.04539077292628251,187.8030301157624,0.032230000609532,4.0,8.0,0.17330317838018722,0.1037708731169439,1.0017844073203575,240.4282577568858,181.0,151.0,0.0,0.0,0.26839640652491537,0.0,0.0,0.740883013933069,0.027162458685537173,0.740883013933069,0.027162458685537173,0.0,0.0,1.0,1.0,1.0,1.0,1.0,1.0,1.0,1.0,1.0,1.0,1.0,0.0,0.0,1.0,0.0,0.0,0.9018808744903422,31.428343389136383,192.3426062055087,0.0,0.0,0.2,0.2495565768674695,0.5334357700318093,0.039113940507173546,0.0,-0.39772622287273407,0.0014017078280448914,C06_low_soc_high_mass_uphill_e85b8857ed,low_soc_high_mass_uphill:000,low_soc_high_mass_uphill,e85b8857ed7397c3,data/drive_cycles/sumo/osm_custom_suburban_arterial/e85b8857ed7397c3.csv,low_soc_high_mass_uphill,0.45,1.3,6.0,,new_robust_adapter_no_gate,"New robustness adapter, no gate",/home/yejun/meta_rl/results/meta_rl_paper/robustness_v2_raw_summary/20260709_161421/seed_20260707/policy.pt,seed_20260707: selected final policy by heldout physical deltas,-225.69493675654175,post-hoc evaluation score; old/new reward formula absolute values are not compared,240,0.0018375230568578038,240.4282577568858,181.0,0.0,0.0,1.2456615933527548,0.0032566248281548416,0.0,0.3997607343125114,0.5522139622415941
-0.003046171684074026,robustness_v2,1.0,0.5457416762595296,-0.0042583237404704155,0.044677887738269986,0.045365535710714375,186.06986651447846,0.032230000609532,4.0,8.0,0.17148757786747792,0.10387090984530148,1.0031569255427804,240.75766213026728,182.0,151.0,0.0,0.0,0.27555888141373974,0.0,0.0,0.18188471846801388,0.01160492707708109,0.4043558633342349,0.22805630109219305,0.0,0.0,0.142067699044107,0.0,0.0,0.0,0.7161063787573427,0.5236498587184308,1.2254580335990773e-05,0.2859798659897236,0.0,0.918149044617732,0.8941666666666667,4.01942496550367,11.889917359826216,0.41108446229813655,0.0,0.7208333333333333,0.893557754765397,31.516455461973568,192.60612970421377,0.0,0.0,0.2,0.24694211212916822,0.1309569972969699,0.01671109499099677,0.0,1.227436239868933,0.0018749931462606504,C06_low_soc_high_mass_uphill_e85b8857ed,low_soc_high_mass_uphill:000,low_soc_high_mass_uphill,e85b8857ed7397c3,data/drive_cycles/sumo/osm_custom_suburban_arterial/e85b8857ed7397c3.csv,low_soc_high_mass_uphill,0.45,1.3,6.0,,new_robust_confidence_adapter,New robustness/confidence adapter,/home/yejun/meta_rl/results/meta_rl_paper/confidence_gate_current_bound/20260709_173821/seed_20260708/checkpoints/policy_step_90000.pt,seed_20260708: selected heldout step 90000,-225.61075312536997,post-hoc evaluation score; old/new reward formula absolute values are not compared,240,0.0042583237404704155,240.75766213026728,182.0,0.0,0.0,0.13268701517333922,0.0013765571341023428,0.0,0.39963298963515365,0.5501820504468704
-0.8290877399054433,robustness_v2,0.0,0.4854454719521861,-0.06455452804781392,0.5714523741688745,0.5818768493919066,21.884080929659273,3.505059998339043,16.0,41.0,0.7643996640805095,0.10212444538777798,0.9322685745819034,223.74445789965682,235.0,109.0,0.09477811067029493,22.746746560870783,1.0,21.0,26.0,0.0,0.0,0.0,0.0,0.0,0.0,1.0,1.0,1.0,1.0,1.0,1.0,1.0,1.0,1.0,1.0,1.0,0.0,0.0,1.0,0.0,0.0,11.429047483377493,38.331280405297576,178.9955663197256,9.098698624348316,104.0,0.8000000000000002,1.1007355162759318,0.0,0.0,0.3895854321597588,0.0,0.0,C07_low_soc_high_mass_uphill_cfef57d4ff,low_soc_high_mass_uphill:001,low_soc_high_mass_uphill,cfef57d4ffb59267,data/drive_cycles/sumo/osm_custom_suburban_arterial/cfef57d4ffb59267.csv,low_soc_high_mass_uphill,0.45,1.3,6.0,,map_rule_zero_offset,Baseline zero-offset EMS,,zero-offset map/rule EMS; no learned policy or training reward,-344.1449137811845,post-hoc evaluation score; old/new reward formula absolute values are not compared,240,0.06455452804781392,223.74445789965682,235.0,22.746746560870783,21.0,0.0,0.0,0.0,0.3902568444774899,0.49433178788547655
-5.51072057493039,robustness_v2,0.0,0.48886376559823164,-0.06113623440176841,0.5750925090102028,0.5849649870535506,22.023481882500466,3.505059998339043,17.0,39.0,0.7910745197733648,0.10356582728721515,0.961923968261052,230.86175238265247,235.0,112.0,0.10079623620446763,24.191096689072232,1.0,22.0,26.0,1.006686442898224,0.09955961250363761,1.006686442898224,0.09955961250363761,0.14583333333333334,0.15,1.0,1.0,1.0,1.0,1.0,1.0,1.0,1.0,1.0,1.0,1.0,0.0,0.0,1.0,0.0,0.0,431.31938175765174,287.1817796028573,184.68940190612187,9.676438675628898,208.0,1.36,0.011391473084736455,0.24160474629557396,0.047788614001745895,1.5036310179818306,-1.61468106508255,-1.1026859283447266e-06,C07_low_soc_high_mass_uphill_cfef57d4ff,low_soc_high_mass_uphill:001,low_soc_high_mass_uphill,cfef57d4ffb59267,data/drive_cycles/sumo/osm_custom_suburban_arterial/cfef57d4ffb59267.csv,low_soc_high_mass_uphill,0.45,1.3,6.0,,old_latent_sac_adapter,Old Meta-RL adapter,/home/yejun/meta_rl/results/meta_rl_paper/main_raw_summary_soc_guarded/20260706_164901/seed_20260710/policy.pt,seed_20260710: selected final policy by heldout physical deltas,-1124.0314177936261,post-hoc evaluation score; old/new reward formula absolute values are not compared,240,0.06113623440176841,230.86175238265247,235.0,24.191096689072232,22.0,1.4761349443074627,0.005146414614624034,0.15,0.38977701121527303,0.496067741667854
-0.8699444338525052,robustness_v2,0.0,0.48242934447591207,-0.06757065552408797,0.5702331352282736,0.5811446645294122,21.83738950819566,3.505059998339043,17.0,43.0,0.7660920703479406,0.10485244171554632,0.9947991083552983,238.75178600527158,236.0,123.0,0.09663919064295208,23.1934057543085,1.0,21.0,26.0,0.7307327860561458,0.09445834718644625,0.7307327860561458,0.09445834718644625,0.0,0.0,1.0,1.0,1.0,1.0,1.0,1.0,1.0,1.0,1.0,1.0,1.0,0.0,0.0,1.0,0.0,0.0,11.404662704565458,38.35922745124016,191.0014288042173,9.277362301723402,104.0,0.8500000000000002,1.1031725813010325,0.5261276059604255,0.13602001994848253,0.41529948637340885,-0.29874032735824585,-0.004813966155052185,C07_low_soc_high_mass_uphill_cfef57d4ff,low_soc_high_mass_uphill:001,low_soc_high_mass_uphill,cfef57d4ffb59267,data/drive_cycles/sumo/osm_custom_suburban_arterial/cfef57d4ffb59267.csv,low_soc_high_mass_uphill,0.45,1.3,6.0,,new_robust_adapter_no_gate,"New robustness adapter, no gate",/home/yejun/meta_rl/results/meta_rl_paper/robustness_v2_raw_summary/20260709_161421/seed_20260707/policy.pt,seed_20260707: selected final policy by heldout physical deltas,-357.07330095532996,post-hoc evaluation score; old/new reward formula absolute values are not compared,240,0.06757065552408797,238.75178600527158,236.0,23.1934057543085,21.0,1.1875090227772793,0.0033489644513038604,0.0,0.3896896572371757,0.49300953763049365
-0.8200703317558276,robustness_v2,1.0,0.48667339218611705,-0.063326607813883,0.5718540212154878,0.5820802078839976,21.89946222278283,3.505059998339043,16.0,41.0,0.7661297334880429,0.10176081049340537,0.9245107954217517,221.88259090122042,235.0,107.0,0.09456340777476338,22.69521786594321,1.0,21.0,26.0,0.15464638741827058,0.029480475375353903,0.38599234294757084,0.24122990852813284,0.0875,0.0,0.2022633128792869,0.0,0.0,0.04008639985929807,0.6582399547125881,0.5801616387169284,0.2995323066665529,0.22445296424891964,0.0,0.9111847552426663,0.8941666666666667,2.6181095439324014,3.881901915579549,0.3234381198830877,0.3875,0.7208333333333333,11.43708042430975,38.30935711671233,177.50607272097642,9.078087146377289,104.0,0.8000000000000002,1.1032268162227803,0.11134539894115492,0.04245188454050962,0.38278100593175673,0.5987601859543495,0.0019222801092790985,C07_low_soc_high_mass_uphill_cfef57d4ff,low_soc_high_mass_uphill:001,low_soc_high_mass_uphill,cfef57d4ffb59267,data/drive_cycles/sumo/osm_custom_suburban_arterial/cfef57d4ffb59267.csv,low_soc_high_mass_uphill,0.45,1.3,6.0,,new_robust_confidence_adapter,New robustness/confidence adapter,/home/yejun/meta_rl/results/meta_rl_paper/confidence_gate_current_bound/20260709_173821/seed_20260708/checkpoints/policy_step_90000.pt,seed_20260708: selected heldout step 90000,-342.77040251401206,post-hoc evaluation score; old/new reward formula absolute values are not compared,240,0.063326607813883,221.88259090122042,235.0,22.69521786594321,21.0,0.2205043754491597,0.0008114492893521746,0.0,0.39059806320416174,0.4952202691608829
-4.223447075798594,robustness_v2,0.0,0.41268284789766596,-0.13731715210233408,0.3204255670399454,0.34259998753493953,12.27087218113804,3.505059998339043,21.0,70.0,0.7255968270151957,0.0762362022348244,0.45788871923161256,109.89329261558701,143.0,46.0,0.03267718467264534,7.842524321434882,1.0,7.0,7.0,0.0,0.0,0.0,0.0,0.0,0.0,1.0,1.0,1.0,1.0,1.0,1.0,1.0,1.0,1.0,1.0,1.0,0.0,0.0,1.0,0.0,0.0,6.408511340798905,31.65464365897802,87.91463409246951,3.1370097285739527,28.0,1.0500000000000003,1.0448594309018808,0.0,0.0,2.6195145630700223,0.0,0.0,C08_high_mass_stress_cfef57d4ff,high_mass_stress:001,high_mass_stress,cfef57d4ffb59267,data/drive_cycles/sumo/osm_custom_suburban_arterial/cfef57d4ffb59267.csv,high_mass_stress,0.55,1.3,0.0,,map_rule_zero_offset,Baseline zero-offset EMS,,zero-offset map/rule EMS; no learned policy or training reward,-161.82917281479232,post-hoc evaluation score; old/new reward formula absolute values are not compared,240,0.13731715210233408,109.89329261558701,143.0,7.842524321434882,7.0,0.0,0.0,0.0,0.4012413512450174,0.5570624796804572
-9.68385540717788,robustness_v2,0.0,0.4376207800985016,-0.11237921990149846,0.32462368908466904,0.3427710511501024,12.431641558836294,3.505059998339043,22.0,69.0,0.7197747291850556,0.07327037557164892,0.41906677056245556,100.57602493498933,141.0,40.0,0.03283445111500032,7.880268267600077,1.0,7.0,7.0,0.7113473127859956,0.12910194968959948,0.7113473127859956,0.12910194968959948,0.09583333333333334,0.029166666666666667,1.0,1.0,1.0,1.0,1.0,1.0,1.0,1.0,1.0,1.0,1.0,0.0,0.0,1.0,0.0,0.0,243.46776681350178,236.1949115586965,80.46081994799148,3.1521073070400307,56.0,1.7600000000000005,0.010364756100264797,0.170723355068639,0.061968935851007566,7.485506388179815,-0.23916761577129364,0.0011335296928882599,C08_high_mass_stress_cfef57d4ff,high_mass_stress:001,high_mass_stress,cfef57d4ffb59267,data/drive_cycles/sumo/osm_custom_suburban_arterial/cfef57d4ffb59267.csv,high_mass_stress,0.55,1.3,0.0,,old_latent_sac_adapter,Old Meta-RL adapter,/home/yejun/meta_rl/results/meta_rl_paper/main_raw_summary_soc_guarded/20260706_164901/seed_20260710/policy.pt,seed_20260710: selected final policy by heldout physical deltas,-628.7641690624304,post-hoc evaluation score; old/new reward formula absolute values are not compared,240,0.11237921990149846,100.57602493498933,141.0,7.880268267600077,7.0,1.2306388545548543,0.003011343612677108,0.029166666666666667,0.42002141483534733,0.557034387923366
-2.805529535872777,robustness_v2,0.0,0.44344813058684895,-0.10655186941315109,0.32927595734616205,0.34648229989493645,12.609802714066548,3.505059998339043,23.0,70.0,0.6597178106216707,0.06255604035817566,0.27487896895207237,65.97095254849737,118.0,14.0,0.02199929557832815,5.2798309387987565,1.0,4.0,4.0,0.8002927319689963,0.09699848607803399,0.8002927319689963,0.09699848607803399,0.004166666666666667,0.004166666666666667,1.0,1.0,1.0,1.0,1.0,1.0,1.0,1.0,1.0,1.0,1.0,0.0,0.0,1.0,0.0,0.0,6.585519146923236,27.18175262359252,52.776762038797884,2.1119323755195025,16.0,1.1500000000000004,0.9499936472952043,0.5762107670176777,0.13967781995236886,1.6965560823945327,-1.8097838759422302,-0.003873198628425598,C08_high_mass_stress_cfef57d4ff,high_mass_stress:001,high_mass_stress,cfef57d4ffb59267,data/drive_cycles/sumo/osm_custom_suburban_arterial/cfef57d4ffb59267.csv,high_mass_stress,0.55,1.3,0.0,,new_robust_adapter_no_gate,"New robustness adapter, no gate",/home/yejun/meta_rl/results/meta_rl_paper/robustness_v2_raw_summary/20260709_161421/seed_20260707/policy.pt,seed_20260707: selected final policy by heldout physical deltas,-109.16840450149289,post-hoc evaluation score; old/new reward formula absolute values are not compared,240,0.10655186941315109,65.97095254849737,118.0,5.2798309387987565,4.0,1.5026281276717781,0.0029941668941173703,0.004166666666666667,0.4308962656551339,0.5681026304366583
-3.303663830272454,robustness_v2,1.0,0.4326547195683502,-0.11734528043164982,0.3239980463388871,0.3429473440162468,12.407682228014263,3.505059998339043,21.0,72.0,0.7191213212278144,0.07273621031525604,0.40280880165716754,96.67411239772021,148.0,30.0,0.029257703340264285,7.021848801663428,1.0,7.0,7.0,0.32793208897588616,0.05189404274047708,0.5140275041844687,0.20865279298563524,0.016666666666666666,0.0,0.503244919871093,0.0,0.0,0.6104803511321817,0.7822799983652823,0.6671466776547678,0.3169473960685644,0.6188376610992743,0.0,0.9177035386118355,0.8816666666666667,2.246871149849383,3.7898210081023183,0.6050416500737368,0.07916666666666666,0.2875,6.479960926777738,31.94485651840345,77.33928991817616,2.808739520665372,28.0,1.0500000000000003,1.035534702568052,0.23611110406263802,0.07472742154628709,2.020358412949495,-1.0745949578687901,0.002159124992821652,C08_high_mass_stress_cfef57d4ff,high_mass_stress:001,high_mass_stress,cfef57d4ffb59267,data/drive_cycles/sumo/osm_custom_suburban_arterial/cfef57d4ffb59267.csv,high_mass_stress,0.55,1.3,0.0,,new_robust_confidence_adapter,New robustness/confidence adapter,/home/yejun/meta_rl/results/meta_rl_paper/confidence_gate_current_bound/20260709_173821/seed_20260708/checkpoints/policy_step_90000.pt,seed_20260708: selected heldout step 90000,-150.98957852514917,post-hoc evaluation score; old/new reward formula absolute values are not compared,240,0.11734528043164982,96.67411239772021,148.0,7.021848801663428,7.0,0.519766099073165,0.001546767226181645,0.0,0.42239090625682907,0.557069081408452
-0.7987492210626159,robustness_v2,0.0,0.4875080166177611,-0.062491983382238936,0.4672331693780857,0.4773245781778491,17.8929495333054,3.505059998339043,17.0,34.0,0.6229838862051856,0.07168809030338154,0.3823810655102455,91.77145572245891,158.0,20.0,0.03432696657673408,8.238471978416179,1.0,7.0,7.0,0.0,0.0,0.0,0.0,0.0,0.0,1.0,1.0,1.0,1.0,1.0,1.0,1.0,1.0,1.0,1.0,1.0,0.0,0.0,1.0,0.0,0.0,9.344663387561717,32.55740253062957,73.41716457796713,3.2953887913664706,28.0,0.8500000000000002,0.8970967961354652,0.0,0.0,0.3793663930153277,0.0,0.0,C09_uphill_grade_stress_cfef57d4ff,uphill_grade_stress:001,uphill_grade_stress,cfef57d4ffb59267,data/drive_cycles/sumo/osm_custom_suburban_arterial/cfef57d4ffb59267.csv,uphill_grade_stress,0.55,1.0,6.0,,map_rule_zero_offset,Baseline zero-offset EMS,,zero-offset map/rule EMS; no learned policy or training reward,-148.74108247667561,post-hoc evaluation score; old/new reward formula absolute values are not compared,240,0.062491983382238936,91.77145572245891,158.0,8.238471978416179,7.0,0.0,0.0,0.0,0.41376809089096345,0.5577784648370036
-4.615011017989435,robustness_v2,0.0,0.4923303592611206,-0.057669640738879424,0.46882788935867703,0.47814057057847215,17.954020206370963,3.505059998339043,17.0,34.0,0.6276952827911312,0.06849714736459808,0.33812633062962477,81.15031935110994,132.0,17.0,0.03308854919436463,7.941251806647512,1.0,7.0,7.0,0.9567960320144062,0.11429759430595578,0.9567960320144062,0.11429759430595578,0.0875,0.07916666666666666,1.0,1.0,1.0,1.0,1.0,1.0,1.0,1.0,1.0,1.0,1.0,0.0,0.0,1.0,0.0,0.0,351.6209170190076,235.31835349384986,64.92025548088792,3.176500722659005,56.0,1.36,0.00903881207219228,0.22963104768345757,0.05486284526685864,1.2760150310310934,-1.3475829362869263,0.0014992614090442657,C09_uphill_grade_stress_cfef57d4ff,uphill_grade_stress:001,uphill_grade_stress,cfef57d4ffb59267,data/drive_cycles/sumo/osm_custom_suburban_arterial/cfef57d4ffb59267.csv,uphill_grade_stress,0.55,1.0,6.0,,old_latent_sac_adapter,Old Meta-RL adapter,/home/yejun/meta_rl/results/meta_rl_paper/main_raw_summary_soc_guarded/20260706_164901/seed_20260710/policy.pt,seed_20260710: selected final policy by heldout physical deltas,-713.9655744524584,post-hoc evaluation score; old/new reward formula absolute values are not compared,240,0.057669640738879424,81.15031935110994,132.0,7.941251806647512,7.0,1.3012388306980331,0.0052304975511506206,0.07916666666666666,0.41716502557821245,0.5585241753736159
-0.8237488552616825,robustness_v2,0.0,0.4847212450545613,-0.06527875494543872,0.4663247498124093,0.4768661755512062,17.858161109646716,3.505059998339043,17.0,34.0,0.6117495229303398,0.07198422717726069,0.38546626803855916,92.5119043292542,162.0,19.0,0.03448076548367734,8.275383716082562,1.0,7.0,7.0,0.7316594228200201,0.10916439536958937,0.7316594228200201,0.10916439536958937,0.0,0.0,1.0,1.0,1.0,1.0,1.0,1.0,1.0,1.0,1.0,1.0,1.0,0.0,0.0,1.0,0.0,0.0,9.326494996248186,32.62373288757843,74.00952346340328,3.310153486433024,28.0,0.8500000000000002,0.880919313019688,0.5267947844304144,0.15719672933220855,0.39459275655983933,-0.5101898610591888,-0.005127967596054077,C09_uphill_grade_stress_cfef57d4ff,uphill_grade_stress:001,uphill_grade_stress,cfef57d4ffb59267,data/drive_cycles/sumo/osm_custom_suburban_arterial/cfef57d4ffb59267.csv,uphill_grade_stress,0.55,1.0,6.0,,new_robust_adapter_no_gate,"New robustness adapter, no gate",/home/yejun/meta_rl/results/meta_rl_paper/robustness_v2_raw_summary/20260709_161421/seed_20260707/policy.pt,seed_20260707: selected final policy by heldout physical deltas,-150.0794084170052,post-hoc evaluation score; old/new reward formula absolute values are not compared,240,0.06527875494543872,92.5119043292542,162.0,8.275383716082562,7.0,1.0262535262542467,0.0038957491406860453,0.0,0.4152113855199531,0.5591421889952886
-0.7945078417059841,robustness_v2,1.0,0.4897304400801763,-0.060269559919823745,0.4679034700285381,0.4776359946567393,17.91861906298937,3.505059998339043,17.0,34.0,0.625562061572861,0.07038905690938281,0.36404684740553606,87.37124337732865,147.0,18.0,0.0336904164579991,8.085699949919784,1.0,7.0,7.0,0.41107622698932217,0.0503827172427483,0.6230344424641371,0.2299565624942414,0.041666666666666664,0.0,0.5553804213409465,0.0,0.0,0.695651779473671,0.8357010702867909,0.7217712275179514,0.4038220022354521,0.6506351035527242,0.0,0.9147116851007798,0.8709523809523809,2.0088267668232906,3.366714063138453,0.6113496932008953,0.075,0.6041666666666666,9.358069400570761,32.106418296793,69.89699470186288,3.234279979967913,28.0,0.8500000000000002,0.9008093686649186,0.29597488343231193,0.07255111282955751,0.3750510908557326,1.0365433233136079,0.0030526639442284677,C09_uphill_grade_stress_cfef57d4ff,uphill_grade_stress:001,uphill_grade_stress,cfef57d4ffb59267,data/drive_cycles/sumo/osm_custom_suburban_arterial/cfef57d4ffb59267.csv,uphill_grade_stress,0.55,1.0,6.0,,new_robust_confidence_adapter,New robustness/confidence adapter,/home/yejun/meta_rl/results/meta_rl_paper/confidence_gate_current_bound/20260709_173821/seed_20260708/checkpoints/policy_step_90000.pt,seed_20260708: selected heldout step 90000,-145.09014883497704,post-hoc evaluation score; old/new reward formula absolute values are not compared,240,0.060269559919823745,87.37124337732865,147.0,8.085699949919784,7.0,0.5839124900575907,0.0021643873030345864,0.0,0.4148281028531142,0.5577539165275582
-1.3882758114880678,robustness_v2,0.0,0.4653921268828196,-0.08460787311718043,0.007651832029090232,0.02131458665925693,31.8675621503131,0.032230000609532,2.0,6.0,0.08410395017390024,0.04624109264442801,0.11684129898641928,28.041911756740625,63.0,0.0,0.0,0.0,0.3062686367094675,0.0,0.0,0.0,0.0,0.0,0.0,0.0,0.0,1.0,1.0,1.0,1.0,1.0,1.0,1.0,1.0,1.0,1.0,1.0,0.0,0.0,1.0,0.0,0.0,0.15303664058180463,18.09923195680359,22.433529405392505,0.0,0.0,0.1,0.12110968825041667,0.0,0.0,0.8007755292313485,0.0,0.0,C10_high_mass_stress_e85b8857ed,high_mass_stress:000,high_mass_stress,e85b8857ed7397c3,data/drive_cycles/sumo/osm_custom_suburban_arterial/e85b8857ed7397c3.csv,high_mass_stress,0.55,1.3,0.0,,map_rule_zero_offset,Baseline zero-offset EMS,,zero-offset map/rule EMS; no learned policy or training reward,-41.70768322025963,post-hoc evaluation score; old/new reward formula absolute values are not compared,240,0.08460787311718043,28.041911756740625,63.0,0.0,0.0,0.0,0.0,0.0,0.4653921268828196,0.5510142452322278
-4.814402597331897,robustness_v2,0.0,0.46549373552216133,-0.08450626447783871,0.007674968206871928,0.021321314743365023,31.96391732128077,0.032230000609532,2.0,6.0,0.08409632805987757,0.046157669774273186,0.11627234621143355,27.905363090744054,63.0,0.0,0.0,0.0,0.3062686367094675,0.0,0.0,0.12339675463968887,0.004578537637523064,0.12339675463968887,0.004578537637523064,0.0,0.0,1.0,1.0,1.0,1.0,1.0,1.0,1.0,1.0,1.0,1.0,1.0,0.0,0.0,1.0,0.0,0.0,5.756226155153944,135.43599447096304,22.324290472595234,0.0,0.0,0.16,0.001210987124062237,0.02961522111352535,0.0021976980660110713,3.189066558725004,-0.17033425346016884,0.0006618602573871613,C10_high_mass_stress_e85b8857ed,high_mass_stress:000,high_mass_stress,e85b8857ed7397c3,data/drive_cycles/sumo/osm_custom_suburban_arterial/e85b8857ed7397c3.csv,high_mass_stress,0.55,1.3,0.0,,old_latent_sac_adapter,Old Meta-RL adapter,/home/yejun/meta_rl/results/meta_rl_paper/main_raw_summary_soc_guarded/20260706_164901/seed_20260710/policy.pt,seed_20260710: selected final policy by heldout physical deltas,-166.8986015637407,post-hoc evaluation score; old/new reward formula absolute values are not compared,240,0.08450626447783871,27.905363090744054,63.0,0.0,0.0,0.12987820216221735,0.0008010402058561642,0.0,0.46549373552216133,0.5511158538715695
-1.7513610274691205,robustness_v2,0.0,0.45931007411142144,-0.0906899258885786,0.006227495713070688,0.020872400013259816,25.935632920667228,0.032230000609532,2.0,5.0,0.07502948287981032,0.051263674726209185,0.15585587610471224,37.40541026513094,79.0,0.0,0.0,0.0,0.21088374052296682,0.0,0.0,0.4074450411673428,0.018659029078359406,0.4074450411673428,0.018659029078359406,0.0,0.0,1.0,1.0,1.0,1.0,1.0,1.0,1.0,1.0,1.0,1.0,1.0,0.0,0.0,1.0,0.0,0.0,0.12454991426141375,20.49693757047191,29.924328212104747,0.0,0.0,0.1,0.10804245534692687,0.2933604296404869,0.02686900187283755,1.037253434329533,-0.3637380972504616,-0.00040674466639757157,C10_high_mass_stress_e85b8857ed,high_mass_stress:000,high_mass_stress,e85b8857ed7397c3,data/drive_cycles/sumo/osm_custom_suburban_arterial/e85b8857ed7397c3.csv,high_mass_stress,0.55,1.3,0.0,,new_robust_adapter_no_gate,"New robustness adapter, no gate",/home/yejun/meta_rl/results/meta_rl_paper/robustness_v2_raw_summary/20260709_161421/seed_20260707/policy.pt,seed_20260707: selected final policy by heldout physical deltas,-52.11134101802786,post-hoc evaluation score; old/new reward formula absolute values are not compared,240,0.0906899258885786,37.40541026513094,79.0,0.0,0.0,0.603849306058449,0.0020616193914785984,0.0,0.45931007411142144,0.5496111111111112
-1.2267421984822535,robustness_v2,1.0,0.4686907498566435,-0.08130925014335655,0.008270249353447555,0.021400331613439343,34.443082946361,0.032230000609532,2.0,6.0,0.08550948193231149,0.04358057571551778,0.09952456162314358,23.88589478955446,54.0,0.0,0.0,0.0,0.3062686367094675,0.0,0.0,0.23468988576101682,0.01777047013046176,0.3619611443657747,0.135137821523226,0.0,0.0,0.5488919267345229,1.912142925075348e-05,0.0003503750063613882,0.7683249027490157,0.8358815772310628,0.5850733042964383,1.912142925075348e-05,0.9105231354995198,0.47699096863830803,0.9487434291335378,0.8816666666666667,3.6810035282268183,11.653701612323838,0.5850733042964383,0.0,0.0,0.16540498706895101,16.781208898462285,19.10871583164356,0.0,0.0,0.1,0.12313365398252894,0.16897671774793216,0.025589476987864915,0.6942779121132242,-1.183129096996195,0.0019320138166011678,C10_high_mass_stress_e85b8857ed,high_mass_stress:000,high_mass_stress,e85b8857ed7397c3,data/drive_cycles/sumo/osm_custom_suburban_arterial/e85b8857ed7397c3.csv,high_mass_stress,0.55,1.3,0.0,,new_robust_confidence_adapter,New robustness/confidence adapter,/home/yejun/meta_rl/results/meta_rl_paper/confidence_gate_current_bound/20260709_173821/seed_20260708/checkpoints/policy_step_90000.pt,seed_20260708: selected heldout step 90000,-37.167307478006364,post-hoc evaluation score; old/new reward formula absolute values are not compared,240,0.08130925014335655,23.88589478955446,54.0,0.0,0.0,0.3703428923925277,0.0011124225496350788,0.0,0.4686907498566435,0.5535350904282739
-1.4507903736496885,robustness_v2,0.0,0.46424088625793736,-0.08575911374206269,0.008392555123235671,0.02224121583517163,34.95244942294428,0.032230000609532,2.0,4.0,0.0849615489619106,0.046845348574676114,0.12148525176369276,29.156460423286262,65.0,0.0,0.0,0.0,0.31692831344088646,0.0,0.0,0.0,0.0,0.0,0.0,0.0,0.0,1.0,1.0,1.0,1.0,1.0,1.0,1.0,1.0,1.0,1.0,1.0,0.0,0.0,1.0,0.0,0.0,0.16785110246471338,18.341892926275424,23.325168338629002,0.0,0.0,0.1,0.12234463050515158,0.0,0.0,0.8415458958584925,0.0,0.0,C11_uphill_grade_stress_e85b8857ed,uphill_grade_stress:000,uphill_grade_stress,e85b8857ed7397c3,data/drive_cycles/sumo/osm_custom_suburban_arterial/e85b8857ed7397c3.csv,uphill_grade_stress,0.55,1.0,6.0,,map_rule_zero_offset,Baseline zero-offset EMS,,zero-offset map/rule EMS; no learned policy or training reward,-42.89880289373278,post-hoc evaluation score; old/new reward formula absolute values are not compared,240,0.08575911374206269,29.156460423286262,65.0,0.0,0.0,0.0,0.0,0.0,0.46424088625793736,0.5501553141517228
-6.859826999537705,robustness_v2,0.0,0.4547542362791399,-0.09524576372086013,0.006306514654942779,0.021687110471110382,26.264722873450765,0.032230000609532,2.0,3.0,0.07458071089999528,0.05475280321778095,0.18900939294228522,45.36225430614845,89.0,0.0,0.0,0.0,0.14791523169926496,0.0,0.0,0.12558483154915545,0.005950025623800078,0.12558483154915545,0.005950025623800078,0.0,0.0,1.0,1.0,1.0,1.0,1.0,1.0,1.0,1.0,1.0,1.0,1.0,0.0,0.0,1.0,0.0,0.0,4.729885991207084,165.17121032453304,36.28980344491875,0.0,0.0,0.16,0.00107396223695993,0.030140359571797313,0.0028560122994240374,4.993867107000094,-0.2587302178144455,0.00020501531660556795,C11_uphill_grade_stress_e85b8857ed,uphill_grade_stress:000,uphill_grade_stress,e85b8857ed7397c3,data/drive_cycles/sumo/osm_custom_suburban_arterial/e85b8857ed7397c3.csv,uphill_grade_stress,0.55,1.0,6.0,,old_latent_sac_adapter,Old Meta-RL adapter,/home/yejun/meta_rl/results/meta_rl_paper/main_raw_summary_soc_guarded/20260706_164901/seed_20260710/policy.pt,seed_20260710: selected final policy by heldout physical deltas,-211.37883720176725,post-hoc evaluation score; old/new reward formula absolute values are not compared,240,0.09524576372086013,45.36225430614845,89.0,0.0,0.0,0.19827215303012052,0.0005949411387244861,0.0,0.4547542362791399,0.5496111111111112
-2.0591777951014016,robustness_v2,0.0,0.4550045640867939,-0.09499543591320614,0.0063602932369979945,0.02170046530432195,26.488694374587347,0.032230000609532,2.0,3.0,0.07448155427229941,0.05453750242894903,0.18687006007954596,44.84881441909103,88.0,0.0,0.0,0.0,0.14791523169926496,0.0,0.0,0.4291679632438657,0.019999386645698294,0.4291679632438657,0.019999386645698294,0.0,0.0,1.0,1.0,1.0,1.0,1.0,1.0,1.0,1.0,1.0,1.0,1.0,0.0,0.0,1.0,0.0,0.0,0.1272058647399599,21.92478493442242,35.8790515352728,0.0,0.0,0.1,0.10725343815211112,0.30900093353558283,0.028799116769805556,1.2361035009998327,-2.050961136817932,-0.004493774771690369,C11_uphill_grade_stress_e85b8857ed,uphill_grade_stress:000,uphill_grade_stress,e85b8857ed7397c3,data/drive_cycles/sumo/osm_custom_suburban_arterial/e85b8857ed7397c3.csv,uphill_grade_stress,0.55,1.0,6.0,,new_robust_adapter_no_gate,"New robustness adapter, no gate",/home/yejun/meta_rl/results/meta_rl_paper/robustness_v2_raw_summary/20260709_161421/seed_20260707/policy.pt,seed_20260707: selected final policy by heldout physical deltas,-59.71219932389252,post-hoc evaluation score; old/new reward formula absolute values are not compared,240,0.09499543591320614,44.84881441909103,88.0,0.0,0.0,0.5927636610227637,0.0023158007623627786,0.0,0.4550045640867939,0.5496111111111112
-1.4476000930641502,robustness_v2,1.0,0.46432171216485574,-0.0856782878351443,0.008410892360070928,0.022246501041583464,35.028818458789665,0.032230000609532,2.0,4.0,0.08501416899725418,0.04677871329124612,0.12101822986356911,29.044375167256586,65.0,0.0,0.0,0.0,0.31692831344088646,0.0,0.0,0.41014169947295837,0.027235730832740442,0.5829264895833184,0.18264933051698007,0.0,0.0,0.565661505687622,2.896210197470474e-05,0.0004995532244395796,0.8168543949849923,0.8784669198907222,0.6202334474296433,2.896210197470474e-05,0.8829461486065237,0.3677650263436141,0.9316586272291077,0.8612121212121212,3.455096227126489,11.428868278990505,0.5974100691908664,0.0,0.2625,0.16821784720141852,18.30931562748208,23.235500133805264,0.0,0.0,0.1,0.12242040335604633,0.2953020236205299,0.03921945239914625,0.8386226715078655,0.19500101406670348,0.0036222855308955747,C11_uphill_grade_stress_e85b8857ed,uphill_grade_stress:000,uphill_grade_stress,e85b8857ed7397c3,data/drive_cycles/sumo/osm_custom_suburban_arterial/e85b8857ed7397c3.csv,uphill_grade_stress,0.55,1.0,6.0,,new_robust_confidence_adapter,New robustness/confidence adapter,/home/yejun/meta_rl/results/meta_rl_paper/confidence_gate_current_bound/20260709_173821/seed_20260708/checkpoints/policy_step_90000.pt,seed_20260708: selected heldout step 90000,-43.10859815937235,post-hoc evaluation score; old/new reward formula absolute values are not compared,240,0.0856782878351443,29.044375167256586,65.0,0.0,0.0,0.5843861876846006,0.002153463035780908,0.0,0.46432171216485574,0.5502361400586412
-4.451574839860914,robustness_v2,0.0,0.40671402522041494,-0.1432859747795851,0.014908023423495807,0.03804630882450537,1.9969034383905626,1.0020900015123184,4.0,67.0,0.23410597823050194,0.10109691853138969,0.9131890330762985,219.16536793831165,193.0,127.0,0.0,0.0,0.38492090654329264,0.0,0.0,0.0,0.0,0.0,0.0,0.0,0.0,1.0,1.0,1.0,1.0,1.0,1.0,1.0,1.0,1.0,1.0,1.0,0.0,0.0,1.0,0.0,0.0,0.29816046846991606,33.90901337189449,175.3322943506492,0.0,0.0,0.2,0.33711260865192216,0.0,0.0,2.798579243387553,0.0,0.0,C12_weather_wet_57da69baf0,weather_wet:000,weather_wet,57da69baf0315620,data/drive_cycles/sumo_weather/profiles/wet/osm_custom_freeway_corridor/57da69baf0315620.csv,weather_wet,0.55,1.0,0.0,wet,map_rule_zero_offset,Baseline zero-offset EMS,,zero-offset map/rule EMS; no learned policy or training reward,-212.8751600430531,post-hoc evaluation score; old/new reward formula absolute values are not compared,240,0.1432859747795851,219.16536793831165,193.0,0.0,0.0,0.0,0.0,0.0,0.39990357201086435,0.5507785658579236
-14.016015382486959,robustness_v2,0.0,0.40576559996624134,-0.1442344000337587,0.014852320287978971,0.038143760484818,1.9894421016537691,1.0020900015123184,4.0,67.0,0.2356196104515839,0.1014310534050128,0.9178655925929292,220.28774222230302,192.0,127.0,0.0,0.0,0.3847259105579963,0.0,0.0,0.1385103702074654,0.008454636836055822,0.1385103702074654,0.008454636836055822,0.0,0.0,1.0,1.0,1.0,1.0,1.0,1.0,1.0,1.0,1.0,1.0,1.0,0.0,0.0,1.0,0.0,0.0,11.139240215984229,254.3164104021205,176.23019377784232,0.0,0.0,0.32,0.0033929223905028306,0.03324248884979161,0.004058225681306794,11.308128004051042,-0.14112195745110512,0.0008573724329471588,C12_weather_wet_57da69baf0,weather_wet:000,weather_wet,57da69baf0315620,data/drive_cycles/sumo_weather/profiles/wet/osm_custom_freeway_corridor/57da69baf0315620.csv,weather_wet,0.55,1.0,0.0,wet,old_latent_sac_adapter,Old Meta-RL adapter,/home/yejun/meta_rl/results/meta_rl_paper/main_raw_summary_soc_guarded/20260706_164901/seed_20260710/policy.pt,seed_20260710: selected final policy by heldout physical deltas,-453.3546660369204,post-hoc evaluation score; old/new reward formula absolute values are not compared,240,0.1442344000337587,220.28774222230302,192.0,0.0,0.0,0.17954608740838013,0.0007866167440467205,0.0,0.3967737179542927,0.5507785658579236
-4.234504026584216,robustness_v2,0.0,0.41147291363950256,-0.1385270863604975,0.01782950217146332,0.040199306787093894,2.388230362911404,1.0020900015123184,6.0,67.0,0.23457183428499925,0.09544151136544747,0.8092943027059083,194.230632649418,192.0,100.0,0.0,0.0,0.3681447063410786,0.0,0.0,0.5531452155907434,0.06638690359735243,0.5531452155907434,0.06638690359735243,0.004166666666666667,0.004166666666666667,1.0,1.0,1.0,1.0,1.0,1.0,1.0,1.0,1.0,1.0,1.0,0.0,0.0,1.0,0.0,0.0,0.35659004342926637,33.90577810338041,155.38450611953434,0.0,0.0,0.3,0.33778344137039834,0.39826455522533477,0.09559714118018757,2.6558125908149246,0.9522846043109894,0.0029525646567344667,C12_weather_wet_57da69baf0,weather_wet:000,weather_wet,57da69baf0315620,data/drive_cycles/sumo_weather/profiles/wet/osm_custom_freeway_corridor/57da69baf0315620.csv,weather_wet,0.55,1.0,0.0,wet,new_robust_adapter_no_gate,"New robustness adapter, no gate",/home/yejun/meta_rl/results/meta_rl_paper/robustness_v2_raw_summary/20260709_161421/seed_20260707/policy.pt,seed_20260707: selected final policy by heldout physical deltas,-193.4343319949349,post-hoc evaluation score; old/new reward formula absolute values are not compared,240,0.1385270863604975,194.230632649418,192.0,0.0,0.0,1.0114579137259474,0.0021599257768209405,0.004166666666666667,0.39709641479025665,0.5507785658579236
-4.179520418696662,robustness_v2,1.0,0.41270134232654193,-0.1372986576734581,0.018056491766824605,0.040227925721270597,2.4186352187785776,1.0020900015123184,6.0,67.0,0.23549315580027874,0.09447768985377328,0.7910281385331924,189.84675324796618,192.0,93.0,0.0,0.0,0.3681447063410786,0.0,0.0,0.8292633908484763,0.055782324406277166,0.9105301265160752,0.1137372524527067,0.0,0.0,0.2740515706464705,0.0,0.0,0.028272718671974062,0.9322558331833797,0.918260482134422,5.1531283649518585e-05,0.29124648403391895,0.0,0.954983628308219,0.8816666666666666,1.0069874704847805,11.109298743176893,0.9040751473735171,0.0,0.09583333333333334,0.361129835336492,33.902580110913384,151.87740259837295,0.0,0.0,0.3,0.3391101443524008,0.5970696414109031,0.08032654714503909,2.618959730203743,-2.093044078808848,0.0042232112936875,C12_weather_wet_57da69baf0,weather_wet:000,weather_wet,57da69baf0315620,data/drive_cycles/sumo_weather/profiles/wet/osm_custom_freeway_corridor/57da69baf0315620.csv,weather_wet,0.55,1.0,0.0,wet,new_robust_confidence_adapter,New robustness/confidence adapter,/home/yejun/meta_rl/results/meta_rl_paper/confidence_gate_current_bound/20260709_173821/seed_20260708/checkpoints/policy_step_90000.pt,seed_20260708: selected heldout step 90000,-190.07657860773494,post-hoc evaluation score; old/new reward formula absolute values are not compared,240,0.1372986576734581,189.84675324796618,192.0,0.0,0.0,1.5459679753780429,0.0031394073238912882,0.0,0.3984553429304301,0.5507785658579236
-1.61443918557452,robustness_v2,0.0,0.46175583087943883,-0.08824416912056121,0.022507096533658903,0.03675705207346244,4.835595727925289,0.6247599991858004,3.0,18.0,0.2516457425748092,0.09934980006911476,0.8994055082502289,215.85732198005493,173.0,117.0,0.0,0.0,0.4047442631774033,0.0,0.0,0.0,0.0,0.0,0.0,0.0,0.0,1.0,1.0,1.0,1.0,1.0,1.0,1.0,1.0,1.0,1.0,1.0,0.0,0.0,1.0,0.0,0.0,0.4501419306731779,29.172606544262077,172.68585758404393,0.0,0.0,0.15000000000000002,0.36236986930772536,0.0,0.0,0.9359060784217006,0.0,0.0,C13_weather_snow_b0a2f5c7a2,weather_snow:000,weather_snow,b0a2f5c7a2354bfd,data/drive_cycles/sumo_weather/profiles/snow/osm_custom_urban_signalized/b0a2f5c7a2354bfd.csv,weather_snow,0.55,1.0,0.0,snow,map_rule_zero_offset,Baseline zero-offset EMS,,zero-offset map/rule EMS; no learned policy or training reward,-203.7568820067088,post-hoc evaluation score; old/new reward formula absolute values are not compared,240,0.08824416912056121,215.85732198005493,173.0,0.0,0.0,0.0,0.0,0.0,0.3993146758320738,0.550094463484025
-6.029811678770759,robustness_v2,0.0,0.46199460333993,-0.08800539666007007,0.022550103399162892,0.03676150118517899,4.844835649866866,0.6247599991858004,3.0,18.0,0.2518248219201776,0.09931181085400738,0.8987331556427561,215.69595735426148,173.0,117.0,0.0,0.0,0.4047442631774033,0.0,0.0,0.1468403048689167,0.005940970545634627,0.1468403048689167,0.005940970545634627,0.0,0.0,1.0,1.0,1.0,1.0,1.0,1.0,1.0,1.0,1.0,1.0,1.0,0.0,0.0,1.0,0.0,0.0,16.912577549372166,218.79454908196476,172.5567658834092,0.0,0.0,0.24,0.0036262774356505597,0.035241673168539996,0.002851665861904621,3.705850055872116,-0.2773958891630173,0.00019850343465805054,C13_weather_snow_b0a2f5c7a2,weather_snow:000,weather_snow,b0a2f5c7a2354bfd,data/drive_cycles/sumo_weather/profiles/snow/osm_custom_urban_signalized/b0a2f5c7a2354bfd.csv,weather_snow,0.55,1.0,0.0,snow,old_latent_sac_adapter,Old Meta-RL adapter,/home/yejun/meta_rl/results/meta_rl_paper/main_raw_summary_soc_guarded/20260706_164901/seed_20260710/policy.pt,seed_20260710: selected final policy by heldout physical deltas,-412.2514621870849,post-hoc evaluation score; old/new reward formula absolute values are not compared,240,0.08800539666007007,215.69595735426148,173.0,0.0,0.0,0.18052665367722512,0.0008666475364317496,0.0,0.3993146758320738,0.550094463484025
-1.7605191887910747,robustness_v2,0.0,0.45947203448415813,-0.09052796551584191,0.022109703103964665,0.036728453516211866,4.750216702333905,0.6247599991858004,3.0,18.0,0.2505162286116821,0.09959926533210312,0.9041244433236076,216.98986639766582,173.0,118.0,0.0,0.0,0.4047442631774033,0.0,0.0,0.4855310082746049,0.046065504600604386,0.4855310082746049,0.046065504600604386,0.004166666666666667,0.004166666666666667,1.0,1.0,1.0,1.0,1.0,1.0,1.0,1.0,1.0,1.0,1.0,0.0,0.0,1.0,0.0,0.0,0.44219406207929324,29.172606544262077,173.59189311813267,0.0,0.0,0.15000000000000002,0.36074336920082223,0.34958232595771527,0.0663343266248703,1.0302820395959293,-0.6507153958082199,-0.002507677674293518,C13_weather_snow_b0a2f5c7a2,weather_snow:000,weather_snow,b0a2f5c7a2354bfd,data/drive_cycles/sumo_weather/profiles/snow/osm_custom_urban_signalized/b0a2f5c7a2354bfd.csv,weather_snow,0.55,1.0,0.0,snow,new_robust_adapter_no_gate,"New robustness adapter, no gate",/home/yejun/meta_rl/results/meta_rl_paper/robustness_v2_raw_summary/20260709_161421/seed_20260707/policy.pt,seed_20260707: selected final policy by heldout physical deltas,-205.16363578585336,post-hoc evaluation score; old/new reward formula absolute values are not compared,240,0.09052796551584191,216.98986639766582,173.0,0.0,0.0,0.6703495312482118,0.002620811645252009,0.004166666666666667,0.3993146758320738,0.550094463484025
-4.027520877038129,robustness_v2,1.0,0.41659158303439514,-0.1334084169656049,0.014825224435282652,0.03636844966298201,3.185163925412471,0.6247599991858004,3.0,17.0,0.22761537440535426,0.09677702223205756,0.8645702609556566,207.4968626293576,173.0,122.0,0.0,0.0,0.393592825848121,0.0,0.0,0.7651575173046987,0.035144007698346164,0.827041610766446,0.08607771738831842,0.0,0.0,0.26610498899018137,0.0,0.0,0.0,0.958787483141558,0.9316359888513838,0.8443672459817986,0.2834408943440386,0.0,0.9669040489140884,0.9066666666666666,0.9229360210993518,1.4541653682396618,0.92948363371714,0.0,0.0,0.2965044887056531,29.172606544262077,165.99749010348611,0.0,0.0,0.15000000000000002,0.32776613914371033,0.5509134124593832,0.050607371085618455,2.502252508968147,-2.1884314486236356,0.004302806730516762,C13_weather_snow_b0a2f5c7a2,weather_snow:000,weather_snow,b0a2f5c7a2354bfd,data/drive_cycles/sumo_weather/profiles/snow/osm_custom_urban_signalized/b0a2f5c7a2354bfd.csv,weather_snow,0.55,1.0,0.0,snow,new_robust_confidence_adapter,New robustness/confidence adapter,/home/yejun/meta_rl/results/meta_rl_paper/confidence_gate_current_bound/20260709_173821/seed_20260708/checkpoints/policy_step_90000.pt,seed_20260708: selected heldout step 90000,-199.04814056811068,post-hoc evaluation score; old/new reward formula absolute values are not compared,240,0.1334084169656049,207.4968626293576,173.0,0.0,0.0,1.3819744891028038,0.003044993542704308,0.0,0.3997330265150787,0.550094463484025
-4.083270164176406,robustness_v2,0.0,0.4152481330782519,-0.13475186692174812,0.012881705363977118,0.03464187526162783,2.3756429441491482,0.7278400033041835,3.0,38.0,0.20919026288003442,0.09257829130803917,0.7443993170050831,178.65583608121995,138.0,89.0,0.0,0.0,0.47595027468745893,0.0,0.0,0.0,0.0,0.0,0.0,0.0,0.0,1.0,1.0,1.0,1.0,1.0,1.0,1.0,1.0,1.0,1.0,1.0,0.0,0.0,1.0,0.0,0.0,0.25763410727954233,28.62505243206631,142.92466886497587,0.0,0.0,0.15000000000000002,0.3012339785472491,0.0,0.0,2.5425560076524434,0.0,0.0,C14_weather_ice_56f447713a,weather_ice:000,weather_ice,56f447713a5f22af,data/drive_cycles/sumo_weather/profiles/ice/osm_custom_freeway_corridor/56f447713a5f22af.csv,weather_ice,0.55,1.0,0.0,ice,map_rule_zero_offset,Baseline zero-offset EMS,,zero-offset map/rule EMS; no learned policy or training reward,-174.80114539052147,post-hoc evaluation score; old/new reward formula absolute values are not compared,240,0.13475186692174812,178.65583608121995,138.0,0.0,0.0,0.0,0.0,0.0,0.39557069783346155,0.5496568524998685
-13.480186910135009,robustness_v2,0.0,0.4153682524015164,-0.13463174759848362,0.01290525756113592,0.03464603019964703,2.3799864382299853,0.7278400033041835,3.0,38.0,0.2092803523724829,0.09256534932064928,0.7442212302540716,178.6130952609772,138.0,89.0,0.0,0.0,0.47595027468745893,0.0,0.0,0.14618430839735083,0.005561875039711594,0.14618430839735083,0.005561875039711594,0.0,0.0,1.0,1.0,1.0,1.0,1.0,1.0,1.0,1.0,1.0,1.0,1.0,0.0,0.0,1.0,0.0,0.0,9.678943170851943,214.68789324049652,142.89047620878173,0.0,0.0,0.24,0.0030136370741637684,0.03508423401536416,0.0026697000190615654,10.155809711818033,-0.1595097966492176,0.0008016864955425263,C14_weather_ice_56f447713a,weather_ice:000,weather_ice,56f447713a5f22af,data/drive_cycles/sumo_weather/profiles/ice/osm_custom_freeway_corridor/56f447713a5f22af.csv,weather_ice,0.55,1.0,0.0,ice,old_latent_sac_adapter,Old Meta-RL adapter,/home/yejun/meta_rl/results/meta_rl_paper/main_raw_summary_soc_guarded/20260706_164901/seed_20260710/policy.pt,seed_20260710: selected final policy by heldout physical deltas,-377.6938899030574,post-hoc evaluation score; old/new reward formula absolute values are not compared,240,0.13463174759848362,178.6130952609772,138.0,0.0,0.0,0.16508244467549957,0.0009115682683885098,0.0,0.39557069783346155,0.5496568524998685
-4.088217388587883,robustness_v2,0.0,0.4151912157251623,-0.13480878427483772,0.012876844371723758,0.03464620546873703,2.374746480395168,0.7278400033041835,3.0,38.0,0.20914757486521726,0.09247998055358185,0.7430359177851483,178.3286202684356,138.0,89.0,0.0,0.0,0.47595027468745893,0.0,0.0,0.5037192843833732,0.04004551737258833,0.5037192843833732,0.04004551737258833,0.004166666666666667,0.004166666666666667,1.0,1.0,1.0,1.0,1.0,1.0,1.0,1.0,1.0,1.0,1.0,0.0,0.0,1.0,0.0,0.0,0.25753688743447517,28.62505243206631,142.66289621474849,0.0,0.0,0.15000000000000002,0.30117250780591254,0.36267788475602863,0.057665545016527174,2.544263528245131,-1.9965591430664062,-0.0022853903472423555,C14_weather_ice_56f447713a,weather_ice:000,weather_ice,56f447713a5f22af,data/drive_cycles/sumo_weather/profiles/ice/osm_custom_freeway_corridor/56f447713a5f22af.csv,weather_ice,0.55,1.0,0.0,ice,new_robust_adapter_no_gate,"New robustness adapter, no gate",/home/yejun/meta_rl/results/meta_rl_paper/robustness_v2_raw_summary/20260709_161421/seed_20260707/policy.pt,seed_20260707: selected final policy by heldout physical deltas,-174.9612650000729,post-hoc evaluation score; old/new reward formula absolute values are not compared,240,0.13480878427483772,178.3286202684356,138.0,0.0,0.0,0.837079827611645,0.0022469267517949147,0.004166666666666667,0.39557069783346155,0.5496568524998685
-4.126826907343782,robustness_v2,1.0,0.4138891730115547,-0.13611082698844534,0.010694146833778692,0.032673766024496544,1.9722135968430174,0.7278400033041835,2.0,35.0,0.19910024673550006,0.08298860976515934,0.6073816440258142,145.7715945661954,138.0,83.0,0.0,0.0,0.4568552083161115,0.0,0.0,0.6686856215638733,0.03307174608073767,0.7166403232546209,0.07322474407680872,0.0,0.0,0.46717847428341847,0.0,0.0,0.34110290864726356,0.9731218842550504,0.9406502926500688,0.8409159987735199,0.4946554242881686,0.0,0.9710444943614754,0.8839393939393939,0.8523990293547694,1.4716636272857935,0.9365644720874435,0.0,0.029166666666666667,0.21388293667557384,28.62505243206631,116.61727565295631,0.0,0.0,0.1,0.28670435529912,0.4814536475259889,0.04762331435626233,2.5833248096533605,-2.0346488961720763,0.004125916175348258,C14_weather_ice_56f447713a,weather_ice:000,weather_ice,56f447713a5f22af,data/drive_cycles/sumo_weather/profiles/ice/osm_custom_freeway_corridor/56f447713a5f22af.csv,weather_ice,0.55,1.0,0.0,ice,new_robust_confidence_adapter,New robustness/confidence adapter,/home/yejun/meta_rl/results/meta_rl_paper/confidence_gate_current_bound/20260709_173821/seed_20260708/checkpoints/policy_step_90000.pt,seed_20260708: selected heldout step 90000,-148.95531714853283,post-hoc evaluation score; old/new reward formula absolute values are not compared,240,0.13611082698844534,145.7715945661954,138.0,0.0,0.0,1.2593790304829116,0.002488926114029025,0.0,0.4096349974290121,0.5496568524998685
-4.409166613453017,robustness_v2,0.0,0.40806620145514105,-0.141933798544859,0.007718557471129402,0.030638489054330316,1.5053804464636258,0.6882299986928699,3.0,19.0,0.23290367406497853,0.10230001817116031,0.9327533767992621,223.8608104318229,200.0,122.0,0.0,0.0,0.45276765499573357,0.0,0.0,0.0,0.0,0.0,0.0,0.0,0.0,1.0,1.0,1.0,1.0,1.0,1.0,1.0,1.0,1.0,1.0,1.0,0.0,0.0,1.0,0.0,0.0,0.15437114942258806,33.380183963788326,179.08864834545832,0.0,0.0,0.15000000000000002,0.3353812906535679,0.0,0.0,2.7580139563457697,0.0,0.0,C15_weather_ice_a0f3f873c6,weather_ice:001,weather_ice,a0f3f873c6e2a43b,data/drive_cycles/sumo_weather/profiles/ice/osm_custom_freeway_corridor/a0f3f873c6e2a43b.csv,weather_ice,0.55,1.0,0.0,ice,map_rule_zero_offset,Baseline zero-offset EMS,,zero-offset map/rule EMS; no learned policy or training reward,-215.8665987056686,post-hoc evaluation score; old/new reward formula absolute values are not compared,240,0.141933798544859,223.8608104318229,200.0,0.0,0.0,0.0,0.0,0.0,0.3996257274579938,0.5620809192194752
-14.28713532210696,robustness_v2,0.0,0.408128896519243,-0.14187110348075704,0.007730283254380779,0.03064009063464657,1.5076673718239821,0.6882299986928699,3.0,19.0,0.23295069536305502,0.10228860119549363,0.9325742427969662,223.8178182712719,200.0,122.0,0.0,0.0,0.45275863417238094,0.0,0.0,0.13617131440124164,0.0057569764476890365,0.13617131440124164,0.0057569764476890365,0.0,0.0,1.0,1.0,1.0,1.0,1.0,1.0,1.0,1.0,1.0,1.0,1.0,0.0,0.0,1.0,0.0,0.0,5.797712440785584,250.3513797284115,179.05425461701748,0.0,0.0,0.24,0.0033544900132280206,0.03268111545629796,0.002763348694890737,11.024532417690846,-0.07993197441101074,0.0007243779301643372,C15_weather_ice_a0f3f873c6,weather_ice:001,weather_ice,a0f3f873c6e2a43b,data/drive_cycles/sumo_weather/profiles/ice/osm_custom_freeway_corridor/a0f3f873c6e2a43b.csv,weather_ice,0.55,1.0,0.0,ice,old_latent_sac_adapter,Old Meta-RL adapter,/home/yejun/meta_rl/results/meta_rl_paper/main_raw_summary_soc_guarded/20260706_164901/seed_20260710/policy.pt,seed_20260710: selected final policy by heldout physical deltas,-446.50667815807043,post-hoc evaluation score; old/new reward formula absolute values are not compared,240,0.14187110348075704,223.8178182712719,200.0,0.0,0.0,0.15128724344540387,0.0008574223325277368,0.0,0.3996446459891056,0.5620809192194752
-4.401045303319584,robustness_v2,0.0,0.4082963621602108,-0.14170363783978923,0.007757860831149927,0.03064062531484795,1.5130459344614189,0.6882299986928699,3.0,19.0,0.23307629459378085,0.10229784700465083,0.9327221484471769,223.85331562732247,200.0,122.0,0.0,0.0,0.4527675338048869,0.0,0.0,0.5001487158166452,0.04438286907970908,0.5001487158166452,0.04438286907970908,0.004166666666666667,0.004166666666666667,1.0,1.0,1.0,1.0,1.0,1.0,1.0,1.0,1.0,1.0,1.0,0.0,0.0,1.0,0.0,0.0,0.15515721662299856,33.380183963788326,179.08265250185795,0.0,0.0,0.15000000000000002,0.33562986421504326,0.36010707538798487,0.063911331474781,2.751109135193677,0.8465332388877869,0.003704216778278351,C15_weather_ice_a0f3f873c6,weather_ice:001,weather_ice,a0f3f873c6e2a43b,data/drive_cycles/sumo_weather/profiles/ice/osm_custom_freeway_corridor/a0f3f873c6e2a43b.csv,weather_ice,0.55,1.0,0.0,ice,new_robust_adapter_no_gate,"New robustness adapter, no gate",/home/yejun/meta_rl/results/meta_rl_paper/robustness_v2_raw_summary/20260709_161421/seed_20260707/policy.pt,seed_20260707: selected final policy by heldout physical deltas,-216.2787510885408,post-hoc evaluation score; old/new reward formula absolute values are not compared,240,0.14170363783978923,223.85331562732247,200.0,0.0,0.0,0.7712516462119917,0.0024306483374598124,0.004166666666666667,0.39962598162505175,0.5620809192194752
-3.4874123582929357,robustness_v2,1.0,0.4277396956233389,-0.12226030437666113,0.008795638920434666,0.02853863065590028,1.7154478533719268,0.6882299986928699,2.0,17.0,0.22238876425027923,0.08563015713006705,0.6378241241702659,153.07778980086383,200.0,72.0,0.0,0.0,0.4519341602940402,0.0,0.0,0.6504345441730154,0.03452563996156765,0.739699045447722,0.11141434309198445,0.0,0.0,0.26922016066419374,0.0,0.0,0.05380871067478116,0.9258522642043523,0.8887682640068382,0.6262539335580748,0.2870513530484072,0.0,0.9588500097061646,0.8839393939393939,1.1300148419867007,2.4186756331516697,0.8869005214298071,0.0,0.0,0.17591277840869332,33.380183963788326,122.46223184069108,0.0,0.0,0.1,0.3202398205204008,0.4683128718045709,0.04971692154465741,2.167809131299834,-1.7847909670138333,0.00410255865678986,C15_weather_ice_a0f3f873c6,weather_ice:001,weather_ice,a0f3f873c6e2a43b,data/drive_cycles/sumo_weather/profiles/ice/osm_custom_freeway_corridor/a0f3f873c6e2a43b.csv,weather_ice,0.55,1.0,0.0,ice,new_robust_confidence_adapter,New robustness/confidence adapter,/home/yejun/meta_rl/results/meta_rl_paper/confidence_gate_current_bound/20260709_173821/seed_20260708/checkpoints/policy_step_90000.pt,seed_20260708: selected heldout step 90000,-159.12440732805757,post-hoc evaluation score; old/new reward formula absolute values are not compared,240,0.12226030437666113,153.07778980086383,200.0,0.0,0.0,1.2100418312063357,0.002470872671042367,0.0,0.426425574821061,0.5620809192194752
-0.7444328883802771,robustness_v2,0.0,0.4871086714945144,-0.06289132850548562,0.04026219274090987,0.050418089090479914,8.244704261360775,0.655489997209981,8.0,24.0,0.18587531694433768,0.059434630571328716,0.24334108750847883,58.40186100203492,101.0,0.0,0.0,0.0,0.5127626560329784,0.0,0.0,0.0,0.0,0.0,0.0,0.0,0.0,1.0,1.0,1.0,1.0,1.0,1.0,1.0,1.0,1.0,1.0,1.0,0.0,0.0,1.0,0.0,0.0,0.8052438548181975,24.45694802419953,46.721488801627984,0.0,0.0,0.39999999999999997,0.2676604563998459,0.0,0.0,0.3808779706827894,0.0,0.0,C16_nominal_e8a36196fd,heldout_evaluation:018,heldout_evaluation,e8a36196fd7b4c36,data/drive_cycles/sumo/osm_custom_mixed_arterial/e8a36196fd7b4c36.csv,nominal,0.65,1.15,2.0,,map_rule_zero_offset,Baseline zero-offset EMS,,zero-offset map/rule EMS; no learned policy or training reward,-73.03221910772828,post-hoc evaluation score; old/new reward formula absolute values are not compared,240,0.06289132850548562,58.40186100203492,101.0,0.0,0.0,0.0,0.0,0.0,0.4871086714945144,0.6496111111111111
-2.92239181515448,robustness_v2,0.0,0.48735607139549325,-0.0626439286045068,0.040314661030001364,0.050430606438623876,8.255448473168677,0.655489997209981,8.0,24.0,0.1860240365161913,0.059370770889015455,0.2426474638342799,58.23539132022718,100.0,0.0,0.0,0.0,0.5125870116867524,0.0,0.0,0.11880841869686262,0.010192431457107888,0.11880841869686262,0.010192431457107888,0.0,0.0,1.0,1.0,1.0,1.0,1.0,1.0,1.0,1.0,1.0,1.0,1.0,0.0,0.0,1.0,0.0,0.0,30.23599577250103,182.89805428498988,46.588313056181775,0.0,0.0,0.64,0.0026787461258331643,0.02851402048724698,0.004892367099411786,1.5196603831848634,-0.06787877529859543,0.0008322128653526306,C16_nominal_e8a36196fd,heldout_evaluation:018,heldout_evaluation,e8a36196fd7b4c36,data/drive_cycles/sumo/osm_custom_mixed_arterial/e8a36196fd7b4c36.csv,nominal,0.65,1.15,2.0,,old_latent_sac_adapter,Old Meta-RL adapter,/home/yejun/meta_rl/results/meta_rl_paper/main_raw_summary_soc_guarded/20260706_164901/seed_20260710/policy.pt,seed_20260710: selected final policy by heldout physical deltas,-261.91810863057,post-hoc evaluation score; old/new reward formula absolute values are not compared,240,0.0626439286045068,58.23539132022718,100.0,0.0,0.0,0.07405655189359095,0.0009412290139899899,0.0,0.48735607139549325,0.6496111111111111
-0.008652098448553497,robustness_v2,0.0,0.5460801030452634,-0.003919896954736601,0.051217802211692746,0.05185079992567533,10.488142930258439,0.655489997209981,7.0,24.0,0.20096325219868644,0.0556050869066827,0.21258143516513103,51.019544439631446,93.0,0.0,0.0,0.0,0.5013542963305608,0.0,0.0,0.587553954919179,0.06528509173852702,0.587553954919179,0.06528509173852702,0.0,0.0,1.0,1.0,1.0,1.0,1.0,1.0,1.0,1.0,1.0,1.0,1.0,0.0,0.0,1.0,0.0,0.0,1.024356044233853,19.824156200755233,40.81563555170516,0.0,0.0,0.35,0.28938708316610806,0.423038847541809,0.094010532103479,0.0,-0.12612415105104446,0.00038191262632608413,C16_nominal_e8a36196fd,heldout_evaluation:018,heldout_evaluation,e8a36196fd7b4c36,data/drive_cycles/sumo/osm_custom_mixed_arterial/e8a36196fd7b4c36.csv,nominal,0.65,1.15,2.0,,new_robust_adapter_no_gate,"New robustness adapter, no gate",/home/yejun/meta_rl/results/meta_rl_paper/robustness_v2_raw_summary/20260709_161421/seed_20260707/policy.pt,seed_20260707: selected final policy by heldout physical deltas,-62.82058425950561,post-hoc evaluation score; old/new reward formula absolute values are not compared,240,0.003919896954736601,51.019544439631446,93.0,0.0,0.0,0.8788934295997024,0.002945894783859452,0.0,0.4957183595409623,0.6496111111111111
-0.013318175158588635,robustness_v2,1.0,0.5410220129316845,-0.00897798706831554,0.05071648446462488,0.0521662790270921,10.385485417486002,0.655489997209981,7.0,24.0,0.21369744854400452,0.05686178005178215,0.220122468275035,52.8293923860084,93.0,0.0,0.0,0.0,0.5120221076532291,0.0,0.0,0.3425188337237165,0.03772731559879007,0.4395875529236316,0.1257004022629004,0.0,0.0,0.729606759340798,0.0,0.09835081491403871,0.8994111286895108,0.9475813100177715,0.8796373025153142,8.614474587532227e-10,0.7857476912519609,0.0,0.9463914064157745,0.8816666666666667,1.2715262887761722,16.152556705487378,0.7372781187125935,0.0,0.37916666666666665,1.0143296892924956,21.33174383550208,42.263513908806694,0.0,0.0,0.35,0.3077243259033661,0.246613560281076,0.054327334462257675,0.0,-0.8522446929665264,0.0038405438355383664,C16_nominal_e8a36196fd,heldout_evaluation:018,heldout_evaluation,e8a36196fd7b4c36,data/drive_cycles/sumo/osm_custom_mixed_arterial/e8a36196fd7b4c36.csv,nominal,0.65,1.15,2.0,,new_robust_confidence_adapter,New robustness/confidence adapter,/home/yejun/meta_rl/results/meta_rl_paper/confidence_gate_current_bound/20260709_173821/seed_20260708/checkpoints/policy_step_90000.pt,seed_20260708: selected heldout step 90000,-65.56825265424797,post-hoc evaluation score; old/new reward formula absolute values are not compared,240,0.00897798706831554,52.8293923860084,93.0,0.0,0.0,0.5374009939488115,0.0016338516907411272,0.0,0.4900064504715053,0.6496111111111111
